ItemCode,ItemName,LastPurDat,ItmsGrpCod,ItmsGrpNam,Categoria_CI,Subcategoria_CI,Bodega,Stock_Bodega,Precio_B2B_Estandar,Precio_B2B_VIP,Precio_B2C,Precio_Promociones_Ecommerce,Ventas_2024,Ventas_2025,Ventas_2026,Ventas_Total_29_5_Meses,Alcance_Inventario_Meses,Alcance_Inventario_Meses_Redondeado
3RT20361AL20,"contactor de potencia, AC-3e/AC-3, 51 A, 22 kW/400 V, tripolar, 230 V AC, 50/60 Hz, contactos auxiliares: 1 NA + 1 NC, borne de tornillo, tamano: S2",2026-04-29,105,EQUI.AUTO.Y CONTROL,EQUIPO ELECTRICO & AUTOMATIZACION,CONTACTORES,11,1.0,168.7,159.4,187.5,0.0,27.0,43.0,13.0,83.0,0.355421686746988,0
6GK19011BB102AA0,"""Industrial Ethernet FastConnect RJ45 Plug 180 2x2, conector RJ45 (10/100 Mbits/s) con caja de metal robusta y sistema de conexión FC, para IE FC Cable 2x2; salida de cable a 180° 1 paquete =""",2026-04-29,105,EQUI.AUTO.Y CONTROL,EQUIPO ELECTRICO & AUTOMATIZACION,OTROS,11,10.0,37.5,35.4,41.6,0.0,6.0,0.0,0.0,6.0,49.16666666666667,49
6SL32550AA004CA1,SINAMICS G120 Basic Operator Panel (BOP-2),2026-04-29,105,EQUI.AUTO.Y CONTROL,EQUIPO ELECTRICO & AUTOMATIZACION,VARIADORES,11,8.0,55.1,52.0,61.2,0.0,9.0,9.0,0.0,18.0,13.11111111111111,13
6XV18402AH10,"Cable estándar Industrial Ethernet FC TP, GP 2x2 (PROFINET tipo A), cable de instalación TP para conexión a IE FC RJ45 2x2, para uso universal, 4 hilos, apantallado CAT 5E",2026-04-29,105,EQUI.AUTO.Y CONTROL,EQUIPO ELECTRICO & AUTOMATIZACION,OTROS,11,70.0,4.0,3.75,4.45,0.0,0.0,0.0,0.0,0.0,inf,Infinito
US2:CQD370,Interruptor CQD 3P 70 A 480/277V 14 kA DIN,2026-04-29,105,EQUI.AUTO.Y CONTROL,EQUIPO ELECTRICO & AUTOMATIZACION,INTERRUPTORES INDUSTRIALES,11,1.0,119.8,113.2,133.1,0.0,4.0,3.0,4.0,11.0,2.681818181818182,3
3RF2120-1AA02,"relé estático, monofásico 3RF2 22,5 mm de ancho, 20 A 24-230 V / DC 24 V borne de tornillo",2026-04-22,105,EQUI.AUTO.Y CONTROL,EQUIPO ELECTRICO & AUTOMATIZACION,OTROS,11,3.0,84.6,79.9,93.9,0.0,8.0,2.0,2.0,12.0,7.375,7
3RU21161EB0,"Rele de sobrecarga 2,8...4,0 A termico para proteccion de motores tamano S00, clase 10 para montar en contactor Circuito principal: atornillable circuito auxiliar: atornillable Rearme",2026-04-21,105,EQUI.AUTO.Y CONTROL,EQUIPO ELECTRICO & AUTOMATIZACION,RELES DE PROTECCION,11,2.0,43.1,40.7,47.9,0.0,2.0,5.0,5.0,12.0,4.916666666666666,5
3RV20111BA10,"Interruptor automatico tamano S00 para proteccion de motores, CLASE 10 Disparador por sobrecarga con retardo segun intensidad 1,4...2 A Disparador de cortocircuito 26 A borne de tornillo poder",2026-04-21,105,EQUI.AUTO.Y CONTROL,EQUIPO ELECTRICO & AUTOMATIZACION,GUARDAMOTORES,11,4.0,70.3,66.4,78.2,0.0,1.0,1.0,10.0,12.0,9.833333333333332,10
3SU14001AA101BA0,"Modulo de contactos con 1 contacto, 1 NA, bornes de tornillo, para fijacion en placa frontal.",2026-04-21,105,EQUI.AUTO.Y CONTROL,EQUIPO ELECTRICO & AUTOMATIZACION,BOTONERIA,11,3.0,5.5,5.2,6.2,0.0,23.0,50.0,33.0,106.0,0.8349056603773585,1
3SU14001AA101CA0,"Modulo de contactos con 1 contacto, 1NC, bornes de tornillo, para fijacion en placa frontal.",2026-04-21,105,EQUI.AUTO.Y CONTROL,EQUIPO ELECTRICO & AUTOMATIZACION,BOTONERIA,11,1.0,5.7,5.3,6.3,0.0,32.0,35.0,28.0,95.0,0.31052631578947365,0
3SU14011BF601AA0,"modulo de LED con LED intgr. 230 V AC, blanco, bornes de tornillo, para fijacion en placa frontal",2026-04-21,105,EQUI.AUTO.Y CONTROL,EQUIPO ELECTRICO & AUTOMATIZACION,BOTONERIA,11,5.0,14.2,13.4,15.7,0.0,12.0,13.0,7.0,32.0,4.609375,5
3SU14011BH401AA0,"modulo de LED con LED integrado, AC/DC 24-240 V, verde, bornes de tornillo, para fijacion en placa frontal",2026-04-21,105,EQUI.AUTO.Y CONTROL,EQUIPO ELECTRICO & AUTOMATIZACION,BOTONERIA,11,11.0,18.3,17.3,20.4,0.0,6.0,32.0,3.0,41.0,7.914634146341464,8
MX:FXD63B225L,"Interruptor FD 3P 225 A 600 V 22 kA, terminales FX",2026-04-21,105,EQUI.AUTO.Y CONTROL,EQUIPO ELECTRICO & AUTOMATIZACION,INTERRUPTORES INDUSTRIALES,11,2.0,335.0,316.0,372.0,0.0,0.0,0.0,2.0,2.0,29.5,30
3SE51120CA00,"cuerpo de interruptor para interruptor de posición 3SE51 caja metálica, según EN 50041, conexión del aparato 1x (M20 x 1,5) 1NA/1NC contactos de acción brusca sin cabeza de accionamiento",2026-04-20,105,EQUI.AUTO.Y CONTROL,EQUIPO ELECTRICO & AUTOMATIZACION,OTROS,11,9.0,49.8,47.1,55.4,0.0,25.0,49.0,7.0,81.0,3.2777777777777777,3
3LD22657UB01,"SENTRON, interruptor-seccionador 3LD, conmutador, 3 polos, Iu: 32 A, Potencia de empleo / con AC-23 A a 400V: 11,5 kW, Caja de material aislante para pasacables metrico, accionamiento de",2026-04-15,105,EQUI.AUTO.Y CONTROL,EQUIPO ELECTRICO & AUTOMATIZACION,TRANSFERENCIAS MANUALES,11,2.0,169.0,160.0,188.0,0.0,0.0,0.0,0.0,0.0,inf,Infinito
3RT20171AB01,"contactor de potencia, AC-3e/AC-3, 12 A, 5,5 kW/400 V, tripolar, 24 V AC, 50/60 Hz, contactos auxiliares: 1 NA, borne de tornillo, tamano: S00",2026-04-15,105,EQUI.AUTO.Y CONTROL,EQUIPO ELECTRICO & AUTOMATIZACION,CONTACTORES,11,3.0,42.8,40.4,47.5,0.0,6.0,6.0,4.0,16.0,5.53125,6
3RV20111EA10,"Interruptor automatico tamano S00 para proteccion de motores, CLASE 10 Disparador por sobrecarga con retardo segun intensidad 2,8...4 A Disparador de cortocircuito 52 A borne de tornillo poder",2026-04-15,105,EQUI.AUTO.Y CONTROL,EQUIPO ELECTRICO & AUTOMATIZACION,GUARDAMOTORES,11,6.0,72.7,68.6,80.7,0.0,36.0,10.0,13.0,59.0,3.0,3
3RV20111GA10,"Interruptor automatico tamano S00 para proteccion de motores, CLASE 10 Disparador por sobrecarga con retardo segun intensidad 4,5...6,3 A Disparador de cortocircuito 82 A borne de tornillo poder",2026-04-15,105,EQUI.AUTO.Y CONTROL,EQUIPO ELECTRICO & AUTOMATIZACION,GUARDAMOTORES,11,9.0,71.4,67.4,79.3,0.0,21.0,16.0,14.0,51.0,5.205882352941177,5
3SU11001HB201CG0,"Pulsador de seta de parada de emergencia, 22 mm, redondo, plastico, rojo, 40 mm, enclavamiento positivo, segun EN ISO 13850 desenclavamiento por giro, con placa de fondo amarilla, inscripcion:",2026-04-15,105,EQUI.AUTO.Y CONTROL,EQUIPO ELECTRICO & AUTOMATIZACION,BOTONERIA,11,10.0,44.0,41.6,48.9,0.0,52.0,26.0,8.0,86.0,3.4302325581395348,3
5SL62107CC,"Automato magnetotermico 400 V 6 kA, 2 polos, C, 10 A",2026-04-15,105,EQUI.AUTO.Y CONTROL,EQUIPO ELECTRICO & AUTOMATIZACION,AUTOMATOS,11,11.0,22.7,21.4,25.2,0.0,17.0,8.0,9.0,34.0,9.544117647058824,10
5SL62167CC,"Automato magnetotermico 400 V 6 kA, 2 polos, C, 16 A",2026-04-15,105,EQUI.AUTO.Y CONTROL,EQUIPO ELECTRICO & AUTOMATIZACION,AUTOMATOS,11,4.0,12.1,11.4,13.4,0.0,29.0,12.0,36.0,77.0,1.5324675324675325,2
Q120,Interruptor de 20 A 1P 120 V 10 K QP  Interruptor de un solo polo y 20 A  10 K AIC SIEMENS,2026-04-15,105,EQUI.AUTO.Y CONTROL,EQUIPO ELECTRICO & AUTOMATIZACION,CENTROS DE CARGA E INTERRUPTORES,11,3.0,6.0,5.6,6.6,0.0,67.0,80.0,24.0,171.0,0.5175438596491228,1
Q315,"Siemens Low Voltage Interruptores automaticos residenciales Interruptores pequenos termomagneticos Interruptores - Tipo QP/MP 3 polos 240 V AC son protecciones de circuito, redes de centro de",2026-04-15,105,EQUI.AUTO.Y CONTROL,EQUIPO ELECTRICO & AUTOMATIZACION,CENTROS DE CARGA E INTERRUPTORES,11,4.0,29.45,27.85,32.75,0.0,0.0,0.0,0.0,0.0,inf,Infinito
3RV29011A,interruptor auxiliar adosable en lateral 1NA+1NC bornes de tornillo para interruptor automatico 3RV2,2026-04-09,105,EQUI.AUTO.Y CONTROL,EQUIPO ELECTRICO & AUTOMATIZACION,GUARDAMOTORES,11,11.0,10.9,10.3,12.1,0.0,23.0,19.0,10.0,52.0,6.240384615384615,6
3RV29011E,interruptor auxiliar transversal 1NA+1NC bornes de tornillo para interruptor automatico 3RV2,2026-04-09,105,EQUI.AUTO.Y CONTROL,EQUIPO ELECTRICO & AUTOMATIZACION,GUARDAMOTORES,11,32.0,11.2,10.6,12.4,0.0,110.0,58.0,14.0,182.0,5.186813186813187,5
3UG46151CR20,"¡ Producto a extinguir! El sucesor preferido es 3UG5616-1CR20 vigilancia de corte de fase y de secuencia de fases 3x 160-690 V, borne de tornillo relé de vigilancia digital para tensión de",2026-04-09,105,EQUI.AUTO.Y CONTROL,EQUIPO ELECTRICO & AUTOMATIZACION,RELES DE PROTECCION,11,4.0,307.6,290.5,341.8,0.0,1.0,0.0,2.0,3.0,39.33333333333333,39
6SL32105BB175UV1,"SINAMICS V20 200-240 V 1 AC –10/+10% 47-63 Hz potencia nominal 0,75 kW con sobrecarga del 150 % durante 60 s sin filtrar E/S: 4 DI, 2 DO, 2 AI, 1 AO bus de campo: USS/Modbus RTU con panel de",2026-04-09,105,EQUI.AUTO.Y CONTROL,EQUIPO ELECTRICO & AUTOMATIZACION,VARIADORES,11,6.0,230.7,217.9,256.3,0.0,17.0,20.0,8.0,45.0,3.933333333333333,4
MX:B115,Interruptor 15 A 1P 120 V 10 K BL 10  K AIC,2026-04-09,105,EQUI.AUTO.Y CONTROL,EQUIPO ELECTRICO & AUTOMATIZACION,CENTROS DE CARGA E INTERRUPTORES,11,11.0,6.8,6.5,7.6,0.0,5.0,3.0,16.0,24.0,13.520833333333332,14
3RT10556AP36,"contactor de potencia, AC-3e/AC-3 150 A, 75 kW/400 V AC (50-60 Hz)/DC Uc:  220-240 V tripolar, contactos auxiliares 2 NA + 2 NC accionamiento: convencional circuito ppal.: barra circuito de",2026-03-27,105,EQUI.AUTO.Y CONTROL,EQUIPO ELECTRICO & AUTOMATIZACION,CONTACTORES,11,2.0,618.0,583.6,686.6,0.0,2.0,0.0,0.0,2.0,29.5,30
3RT20151AP01,"contactor de potencia, AC-3e/AC-3, 7 A, 3 kW/400 V, tripolar, 230 V AC, 50/60 Hz, contactos auxiliares: 1 NA, borne de tornillo, tamano: S00",2026-03-27,105,EQUI.AUTO.Y CONTROL,EQUIPO ELECTRICO & AUTOMATIZACION,CONTACTORES,11,5.0,33.0,31.2,36.7,0.0,11.0,14.0,12.0,37.0,3.986486486486487,4
3RT20161AP01,"contactor de potencia, AC-3e/AC-3, 9 A, 4 kW/400 V, tripolar, 230 V AC, 50/60 Hz, contactos auxiliares: 1 NA, borne de tornillo, tamano: S00",2026-03-27,105,EQUI.AUTO.Y CONTROL,EQUIPO ELECTRICO & AUTOMATIZACION,CONTACTORES,11,4.0,35.8,33.8,39.8,0.0,57.0,18.0,18.0,93.0,1.2688172043010755,1
3SU10013AB420AK0,"pulsadores dobles iluminado, 22 mm, redondo, plastico, verde: I, rojo: O, pulsadores, rasante",2026-03-23,105,EQUI.AUTO.Y CONTROL,EQUIPO ELECTRICO & AUTOMATIZACION,BOTONERIA,11,7.0,39.5,37.3,43.8,0.0,15.0,20.0,7.0,42.0,4.916666666666666,5
3SU11001HB201CH0,"Pulsador de seta de PARADA DE EMERGENCIA, 22 mm, redondo, plastico, rojo, 40 mm, enclavamiento positivo, segun EN ISO 13850, desenclavamiento por giro, con placa de fondo amarilla, rotulacion:",2026-03-23,105,EQUI.AUTO.Y CONTROL,EQUIPO ELECTRICO & AUTOMATIZACION,BOTONERIA,11,1.0,50.9,48.0,56.5,0.0,10.0,5.0,8.0,23.0,1.2826086956521738,1
3SU11002BL601NA0,"Selector/Maneta, iluminable, 22 mm, redondo, plastico, blanco, selector, corto, 3 posiciones I-O-II, sostenido, 10:30h/12h/13:30 h, con soporte, 1 NA, 1 NA, borne de tornillo",2026-03-23,105,EQUI.AUTO.Y CONTROL,EQUIPO ELECTRICO & AUTOMATIZACION,BOTONERIA,11,7.0,28.3,26.8,31.5,0.0,35.0,34.0,41.0,110.0,1.877272727272727,2
ECQF3,TAPONES PARA CENTRO DE CARGA,2026-03-23,105,EQUI.AUTO.Y CONTROL,,,11,168.0,2.3,2.2,2.5,0.0,174.0,2041.0,317.0,2532.0,1.9573459715639812,2
5SL6220-7CC,"Automato magnetotermico 400 V 6 kA, 2 polos, C, 20 A",2026-03-19,105,EQUI.AUTO.Y CONTROL,EQUIPO ELECTRICO & AUTOMATIZACION,AUTOMATOS,11,4.0,12.3,11.7,13.7,0.0,5.0,13.0,32.0,50.0,2.36,2
3RV20111KA10,"Interruptor automatico tamano S00 para proteccion de motores, CLASE 10 Disparador por sobrecarga con retardo segun intensidad 9...12,5 A Disparador de cortocircuito 163 A borne de tornillo poder",2026-03-16,105,EQUI.AUTO.Y CONTROL,EQUIPO ELECTRICO & AUTOMATIZACION,GUARDAMOTORES,11,2.0,79.5,75.1,88.3,0.0,9.0,9.0,10.0,28.0,2.107142857142857,2
US2:JXD63B350,"Interruptor JD 3P, 350 A, 600 V 25kA FX NL",2026-03-16,105,EQUI.AUTO.Y CONTROL,EQUIPO ELECTRICO & AUTOMATIZACION,INTERRUPTORES INDUSTRIALES,11,1.0,1067.5,1008.2,1186.1,0.0,4.0,1.0,0.0,5.0,5.9,6
3RU21161FB0,"Rele de sobrecarga 3,5...5,0 A termico para proteccion de motores tamano S00, clase 10 para montar en contactor Circuito principal: atornillable circuito auxiliar: atornillable Rearme",2026-03-12,105,EQUI.AUTO.Y CONTROL,EQUIPO ELECTRICO & AUTOMATIZACION,RELES DE PROTECCION,11,2.0,43.4,41.0,48.2,0.0,3.0,1.0,4.0,8.0,7.375,7
5SL62327CC,"Automato magnetotermico 400 V 6 kA, 2 polos, C, 32 A",2026-03-12,105,EQUI.AUTO.Y CONTROL,EQUIPO ELECTRICO & AUTOMATIZACION,AUTOMATOS,11,4.0,12.8,12.1,14.2,0.0,4.0,1.0,2.0,7.0,16.857142857142858,17
5SL63167CC,"Automato magnetotermico 400 V 6 kA, tripolar, C, 16 A",2026-03-12,105,EQUI.AUTO.Y CONTROL,EQUIPO ELECTRICO & AUTOMATIZACION,AUTOMATOS,11,3.0,24.5,23.2,27.3,0.0,5.0,18.0,5.0,28.0,3.1607142857142856,3
3RV20110GA10,"Interruptor automatico tamano S00 para proteccion de motores, CLASE 10 Disparador por sobrecarga con retardo segun intensidad 0,45...0,63 A Disparador de cortocircuito 8,2 A borne de tornillo",2026-03-05,105,EQUI.AUTO.Y CONTROL,EQUIPO ELECTRICO & AUTOMATIZACION,GUARDAMOTORES,11,6.0,61.8,58.3,68.6,0.0,14.0,15.0,6.0,35.0,5.057142857142857,5
3RV20314VA10,"Interruptor automatico tamano S2 para proteccion de motores, CLASE 10 Disparador por sobrecarga con retardo segun intensidad 35...45 A Disparador de cortocircuito 650 A borne de tornillo poder",2026-03-05,105,EQUI.AUTO.Y CONTROL,EQUIPO ELECTRICO & AUTOMATIZACION,GUARDAMOTORES,11,5.0,230.9,218.1,256.5,0.0,1.0,6.0,6.0,13.0,11.346153846153847,11
B2100,DISYUNTOR BL. 2P 100 A 240V,2026-03-05,105,EQUI.AUTO.Y CONTROL,,,11,3.0,22.0,20.75,24.45,0.0,0.0,0.0,3.0,3.0,29.5,30
3RV20111FA10,"Interruptor automatico tamano S00 para proteccion de motores, CLASE 10 Disparador por sobrecarga con retardo segun intensidad 3,5...5 A Disparador de cortocircuito 65 A borne de tornillo poder",2026-03-03,105,EQUI.AUTO.Y CONTROL,EQUIPO ELECTRICO & AUTOMATIZACION,GUARDAMOTORES,11,1.0,71.9,67.9,79.9,0.0,6.0,12.0,3.0,21.0,1.4047619047619047,1
3RV20111JA10,"Interruptor automatico tamano S00 para proteccion de motores, CLASE 10 Disparador por sobrecarga con retardo segun intensidad 7...10 A Disparador de cortocircuito 130 A borne de tornillo poder",2026-03-03,105,EQUI.AUTO.Y CONTROL,EQUIPO ELECTRICO & AUTOMATIZACION,GUARDAMOTORES,11,10.0,79.9,75.4,88.7,0.0,64.0,43.0,12.0,119.0,2.4789915966386555,2
3SE50000AA50,Palanca metalica de longitud palanca de rodillo para interruptores de posicion 3SE51/52 ajustable de 100 mm de longitud rodillo de plastico de 19 mm,2026-03-03,105,EQUI.AUTO.Y CONTROL,EQUIPO ELECTRICO & AUTOMATIZACION,OTROS,11,8.0,12.0,11.4,13.4,0.0,16.0,10.0,0.0,26.0,9.076923076923077,9
A7B93000015461,REGULADOR DE ENERGÍA REACTIVA BR6000,2026-03-03,105,EQUI.AUTO.Y CONTROL,,,11,2.0,571.2,539.5,634.6,0.0,0.0,4.0,1.0,5.0,11.8,12
3RT20261BB40,"contactor de potencia, AC-3e/AC-3, 25 A, 11 kW/400 V, tripolar, 24 V DC, contactos auxiliares: 1 NA + 1 NC, borne de tornillo, tamano: S0",2026-03-02,105,EQUI.AUTO.Y CONTROL,EQUIPO ELECTRICO & AUTOMATIZACION,CONTACTORES,11,7.0,129.2,122.0,143.6,0.0,21.0,25.0,6.0,52.0,3.971153846153846,4
3RT20281AL20,"contactor de potencia, AC-3e/AC-3, 38 A, 18,5 kW/400 V, tripolar, 230 V AC, 50/60 Hz, contactos auxiliares: 1 NA + 1 NC, borne de tornillo, tamano: S0",2026-03-02,105,EQUI.AUTO.Y CONTROL,EQUIPO ELECTRICO & AUTOMATIZACION,CONTACTORES,11,6.0,125.1,118.2,139.0,0.0,7.0,11.0,0.0,18.0,9.833333333333332,10
6ES75901AE800AA0,"SIMATIC S7-1500, perfil 482,6 mm (aprox. 19 pulgadas); incl. tornillo de tierra, perfil normalizado integrado para montaje de material pequeño como, p. ej., bornes, fusibles automáticos y relés",2026-02-26,105,EQUI.AUTO.Y CONTROL,EQUIPO ELECTRICO & AUTOMATIZACION,"PLC, LOGOS & MODULOS",11,1.0,0.0,0.0,0.0,0.0,0.0,0.0,0.0,0.0,inf,Infinito
6ES75921AM000XB0,"SIMATIC S7-1500, conector frontal bornes de tornillo, 40 polos para módulos de 35 mm de ancho incl. 4 puentes de potencial, y brida",2026-02-26,105,EQUI.AUTO.Y CONTROL,EQUIPO ELECTRICO & AUTOMATIZACION,"PLC, LOGOS & MODULOS",11,3.0,60.3,56.9,66.9,0.0,5.0,0.0,0.0,5.0,17.7,18
US2: QF120A,Interruptor 20 A 1P 120 V 10K QPF2 GFCI 5MA,2026-02-24,105,EQUI.AUTO.Y CONTROL,EQUIPO ELECTRICO & AUTOMATIZACION,CENTROS DE CARGA E INTERRUPTORES,11,837.0,42.8,40.4,47.5,0.0,4049.0,7946.0,1863.0,13858.0,1.7817506133641219,2
3RT20271AL20,"contactor de potencia, AC-3e/AC-3, 32 A, 15 kW/400 V, tripolar, 230 V AC, 50/60 Hz, contactos auxiliares: 1 NA + 1 NC, borne de tornillo, tamano: S0",2026-02-16,105,EQUI.AUTO.Y CONTROL,EQUIPO ELECTRICO & AUTOMATIZACION,CONTACTORES,11,5.0,113.4,107.1,126.0,0.0,39.0,14.0,3.0,56.0,2.6339285714285716,3
3RU21161CB0,"Rele de sobrecarga 1,8...2,5 A termico para proteccion de motores tamano S00, clase 10 para montar en contactor Circuito principal: atornillable circuito auxiliar: atornillable Rearme",2026-02-16,105,EQUI.AUTO.Y CONTROL,EQUIPO ELECTRICO & AUTOMATIZACION,RELES DE PROTECCION,11,1.0,44.5,42.0,49.4,0.0,3.0,4.0,0.0,7.0,4.214285714285714,4
3RU21161GB0,"Rele de sobrecarga 4,5...6,3 A termico para proteccion de motores tamano S00, clase 10 para montar en contactor Circuito principal: atornillable circuito auxiliar: atornillable Rearme",2026-02-16,105,EQUI.AUTO.Y CONTROL,EQUIPO ELECTRICO & AUTOMATIZACION,RELES DE PROTECCION,11,1.0,41.8,39.5,46.4,0.0,4.0,3.0,0.0,7.0,4.214285714285714,4
3RU21264AB0,"Rele de sobrecarga 11...16 A termico para proteccion de motores tamano S0, clase 10 para montar en contactor Circuito principal: atornillable circuito auxiliar: atornillable Rearme",2026-02-16,105,EQUI.AUTO.Y CONTROL,EQUIPO ELECTRICO & AUTOMATIZACION,RELES DE PROTECCION,11,6.0,47.4,44.8,52.7,0.0,31.0,19.0,7.0,57.0,3.1052631578947367,3
3RU29163AA01,soporte para instalación independiente para 3RU21/3RB30/3RB31/3RR2 Tamaño S00 instalación independiente circuito principal: atornillable Circuito auxiliar: --,2026-02-16,105,EQUI.AUTO.Y CONTROL,EQUIPO ELECTRICO & AUTOMATIZACION,RELES DE PROTECCION,11,3.0,8.3,7.8,9.2,0.0,17.0,10.0,1.0,28.0,3.1607142857142856,3
3RV20111AA10,"Interruptor automatico tamano S00 para proteccion de motores, CLASE 10 Disparador por sobrecarga con retardo segun intensidad 1,1...1,6 A Disparador de cortocircuito 21 A borne de tornillo poder",2026-02-16,105,EQUI.AUTO.Y CONTROL,EQUIPO ELECTRICO & AUTOMATIZACION,GUARDAMOTORES,11,3.0,66.4,62.7,73.7,0.0,27.0,7.0,2.0,36.0,2.458333333333333,2
3RV20111CA10,"Interruptor automatico tamano S00 para proteccion de motores, CLASE 10 Disparador por sobrecarga con retardo segun intensidad 1,8...2,5 A Disparador de cortocircuito 33 A borne de tornillo poder",2026-02-16,105,EQUI.AUTO.Y CONTROL,EQUIPO ELECTRICO & AUTOMATIZACION,GUARDAMOTORES,11,3.0,70.6,66.7,78.4,0.0,11.0,10.0,1.0,22.0,4.0227272727272725,4
3RV20111HA10,"interruptor automatico tamano S00 para proteccion de motores, clase 10 disparador por sobrecarga con retardo segun intensidad 5,5...8 A disparador de cortocircuito 104 A conexion por tornillo",2026-02-13,105,EQUI.AUTO.Y CONTROL,EQUIPO ELECTRICO & AUTOMATIZACION,GUARDAMOTORES,11,2.0,72.9,68.9,81.1,0.0,14.0,14.0,10.0,38.0,1.5526315789473684,2
5SL63407CC,"Automato magnetotermico 400 V 6 kA, tripolar, C, 40 A",2026-02-13,105,EQUI.AUTO.Y CONTROL,EQUIPO ELECTRICO & AUTOMATIZACION,AUTOMATOS,11,1.0,36.4,34.4,40.5,0.0,5.0,0.0,0.0,5.0,5.9,6
6ES72211BH320XB0,"SIMATIC S7-1200, modulo de entradas digitales SM 1221, 16 DI, DC 24V, Sink/Source",2026-02-13,105,EQUI.AUTO.Y CONTROL,EQUIPO ELECTRICO & AUTOMATIZACION,"PLC, LOGOS & MODULOS",11,1.0,343.0,323.9,381.1,0.0,0.0,1.0,0.0,1.0,29.5,30
5SL63637CC,"Automato magnetotermico 400 V 6 kA, tripolar, C, 63 A",2026-02-05,105,EQUI.AUTO.Y CONTROL,EQUIPO ELECTRICO & AUTOMATIZACION,AUTOMATOS,11,5.0,33.1,31.2,36.8,0.0,2.0,2.0,3.0,7.0,21.071428571428573,21
3RT20351AC20,"contactor de potencia, AC-3e/AC-3, 41 A, 18,5 kW/400 V, tripolar, 24 V AC, 50/60 Hz, contactos auxiliares: 1 NA + 1 NC, borne de tornillo, tamano: S2",2026-02-04,105,EQUI.AUTO.Y CONTROL,EQUIPO ELECTRICO & AUTOMATIZACION,CONTACTORES,11,1.0,133.8,126.4,148.7,0.0,6.0,5.0,2.0,13.0,2.269230769230769,2
3RT20381AC20,"contactor de potencia, AC-3e/AC-3, 80 A, 37 kW/400 V, tripolar, 24 V AC, 50/60 Hz, contactos auxiliares: 1 NA + 1 NC, borne de tornillo, tamano: S2",2026-02-04,105,EQUI.AUTO.Y CONTROL,EQUIPO ELECTRICO & AUTOMATIZACION,CONTACTORES,11,2.0,253.3,239.2,281.4,0.0,1.0,4.0,0.0,5.0,11.8,12
3SE50000AD02,"cabeza de accionamiento para interruptores de posicion 3SE51/52 vastago de rodillo, Forma C, con Rodillo de acero inoxidable 13 mm segun EN 50041, con 3 mm de sobrecarrera",2026-02-04,105,EQUI.AUTO.Y CONTROL,EQUIPO ELECTRICO & AUTOMATIZACION,OTROS,11,14.0,38.4,36.3,42.7,0.0,0.0,20.0,1.0,21.0,19.666666666666664,20
3NA3836,"cartucho de fusibles NH, NH00, Entrada: 160 A, gG, Un AC: 500 V, Un DC: 250 V, indicador de fusion superior, orejetas energizadas",2026-01-30,105,EQUI.AUTO.Y CONTROL,EQUIPO ELECTRICO & AUTOMATIZACION,FUSIBLES,11,4.0,11.8,11.1,13.1,0.0,24.0,12.0,6.0,42.0,2.8095238095238093,3
3RH29111HA22,"bloque de contactos auxiliares, por el frente, 2 NA + 2 NC, .1/.2, .1/.2, .3/.4, .3/.4, circuito: 1 NC, 1 NC, 1 NA, 1 NA, borne de tornillo, para contactores 3RT2 y contactores auxiliares 3RH2",2026-01-30,105,EQUI.AUTO.Y CONTROL,EQUIPO ELECTRICO & AUTOMATIZACION,CONTACTORES,11,15.0,16.6,15.7,18.5,0.0,114.0,53.0,12.0,179.0,2.472067039106145,2
3RT20171AP01,"contactor de potencia, AC-3e/AC-3, 12 A, 5,5 kW/400 V, tripolar, 230 V AC, 50/60 Hz, contactos auxiliares: 1 NA, borne de tornillo, tamano: S00",2026-01-30,105,EQUI.AUTO.Y CONTROL,EQUIPO ELECTRICO & AUTOMATIZACION,CONTACTORES,11,8.0,43.2,40.8,48.0,0.0,23.0,20.0,11.0,54.0,4.37037037037037,4
3RT20261AL20,"contactor de potencia, AC-3e/AC-3, 25 A, 11 kW/400 V, tripolar, 230 V AC, 50/60 Hz, contactos auxiliares: 1 NA + 1 NC, borne de tornillo, tamano: S0",2026-01-30,105,EQUI.AUTO.Y CONTROL,EQUIPO ELECTRICO & AUTOMATIZACION,CONTACTORES,11,8.0,79.1,74.7,87.9,0.0,87.0,50.0,19.0,156.0,1.5128205128205128,2
3RV20414JA10,"Interruptor automatico tamano S3 para proteccion de motores, CLASE 10 Disparador por sobrecarga con retardo segun intensidad 45...63 A Disparador de cortocircuito 819 A borne de tornillo poder",2026-01-30,105,EQUI.AUTO.Y CONTROL,EQUIPO ELECTRICO & AUTOMATIZACION,GUARDAMOTORES,11,2.0,261.4,246.9,290.5,0.0,2.0,6.0,0.0,8.0,7.375,7
3SU11000AB201CA0,"pulsador, 22 mm, redondo, plastico, rojo, boton, rasante, momentaneo, con soporte 1NC, borne de tornillo",2026-01-30,105,EQUI.AUTO.Y CONTROL,EQUIPO ELECTRICO & AUTOMATIZACION,BOTONERIA,11,9.0,15.2,14.4,16.9,0.0,29.0,29.0,5.0,63.0,4.214285714285714,4
3SU11000AB401BA0,"pulsador, 22 mm, redondo, plastico, verde, boton, rasante, momentaneo, con soporte 1 NA, borne de tornillo",2026-01-30,105,EQUI.AUTO.Y CONTROL,EQUIPO ELECTRICO & AUTOMATIZACION,BOTONERIA,11,12.0,15.2,14.4,16.9,0.0,44.0,24.0,7.0,75.0,4.72,5
3SU11002BF601BA0,"Selector/Maneta, iluminable, 22 mm, redondo, plastico, blanco, selector, corto, 2 posiciones O-I, sostenido, 10:30h/13:30 h, con soporte, 1 NA, borne de tornillo",2026-01-30,105,EQUI.AUTO.Y CONTROL,EQUIPO ELECTRICO & AUTOMATIZACION,BOTONERIA,11,13.0,22.3,21.0,24.7,0.0,34.0,45.0,4.0,83.0,4.620481927710843,5
3SU14011BB601AA0,"Modulo de LED con LED integr. 24 V AC/DC, blanco, bornes de tornillo, para fijacion en placa frontal.",2026-01-30,105,EQUI.AUTO.Y CONTROL,EQUIPO ELECTRICO & AUTOMATIZACION,BOTONERIA,11,7.0,8.2,7.7,9.1,0.0,4.0,4.0,0.0,8.0,25.8125,26
6AV21232GB030AX0,"SIMATIC HMI, KTP700 Basic, Basic Panel, Manejo con teclado/tactil, pantalla TFT de 7'', 65536 colores, Interfaz PROFINET, configurable a partir de WinCC Basic V13/ STEP 7 Basic V13, incluye",2026-01-30,105,EQUI.AUTO.Y CONTROL,EQUIPO ELECTRICO & AUTOMATIZACION,PANTALLAS HMI,11,2.0,1120.7,1058.4,1245.2,0.0,5.0,4.0,1.0,10.0,5.9,6
6AV21240JC010AX0,"SIMATIC HMI TP900 Comfort, Comfort Panel, mando tactil, pantalla panoramica TFT 9'', 16 millones de colores, interfaz PROFINET, interfaz MPI/PROFIBUS DP, memoria de configuracion de 12 MB,",2026-01-30,105,EQUI.AUTO.Y CONTROL,EQUIPO ELECTRICO & AUTOMATIZACION,PANTALLAS HMI,11,1.0,2828.4,2671.3,3142.7,0.0,4.0,3.0,0.0,7.0,4.214285714285714,4
6ED10551HB000BA2,"Modulo ampl. LOGO! DM8 24R, FA/E/S: 24V/24V/rele, 2TE 4 DI/4 DO, AC/DC/NPN Input para LOGO! 8",2026-01-30,105,EQUI.AUTO.Y CONTROL,EQUIPO ELECTRICO & AUTOMATIZACION,"PLC, LOGOS & MODULOS",11,5.0,106.9,101.0,118.8,0.0,9.0,13.0,0.0,22.0,6.704545454545454,7
6ED10551MA000BA2,"Modulo de ampliacion LOGO! AM2, alimentacion: DC 12/24V, 2 AI, 0-10V o 0/4-20 mA para LOGO! 8",2026-01-30,105,EQUI.AUTO.Y CONTROL,EQUIPO ELECTRICO & AUTOMATIZACION,"PLC, LOGOS & MODULOS",11,3.0,120.8,114.1,134.3,0.0,18.0,30.0,3.0,51.0,1.7352941176470589,2
6ED10551MD000BA2,"Módulo ampl. LOGO! AM2 RTD, alimentación: DC 12/24V, 2 AI –50...+200 °C Pt100/1000 para LOGO! 8",2026-01-30,105,EQUI.AUTO.Y CONTROL,EQUIPO ELECTRICO & AUTOMATIZACION,"PLC, LOGOS & MODULOS",11,8.0,134.1,126.6,149.0,0.0,17.0,15.0,0.0,32.0,7.375,7
6ED10551NB100BA2,"Modulo ampl. LOGO! DM16 24R, FA/E/S: DC 24V/DC 24V/rele, 8 DI/8 DO, 4TE para LOGO! 8",2026-01-30,105,EQUI.AUTO.Y CONTROL,EQUIPO ELECTRICO & AUTOMATIZACION,"PLC, LOGOS & MODULOS",11,17.0,174.2,164.6,193.6,0.0,12.0,13.0,2.0,27.0,18.574074074074076,19
6EP34368SB000AY0,SITOP PSU8200 24V/20A STABILIZED POWER SUPPLY,2026-01-30,105,EQUI.AUTO.Y CONTROL,EQUIPO ELECTRICO & AUTOMATIZACION,OTROS,11,3.0,439.6,415.2,488.5,0.0,0.0,5.0,0.0,5.0,17.7,18
3NP11331CA10,"SENTRON, fusible-interruptor-seccionador 3NP1, 3 polos, NH00, 160 A, para Montaje e instalación en placa de montaje, conexión plana, plano de cubierta 45 mm",2026-01-27,105,EQUI.AUTO.Y CONTROL,EQUIPO ELECTRICO & AUTOMATIZACION,FUSIBLES,11,1.0,91.0,85.9,101.1,0.0,3.0,3.0,0.0,6.0,4.916666666666666,5
3RH21221BB40,"contactor auxiliar, 2 NA + 2 NC, 24 V DC, bornes de tornillo, tamaño S00",2026-01-27,105,EQUI.AUTO.Y CONTROL,EQUIPO ELECTRICO & AUTOMATIZACION,CONTACTORES,11,4.0,48.3,45.6,53.6,0.0,9.0,17.0,0.0,26.0,4.538461538461538,5
3RT20151BB41,"contactor de potencia, AC-3e/AC-3, 7 A, 3 kW/400 V, tripolar, 24 V DC, contactos auxiliares: 1 NA, borne de tornillo, tamano: S00",2026-01-27,105,EQUI.AUTO.Y CONTROL,EQUIPO ELECTRICO & AUTOMATIZACION,CONTACTORES,11,3.0,42.3,40.0,47.1,0.0,7.0,6.0,0.0,13.0,6.807692307692308,7
3RT20181AP01,"contactor de potencia, AC-3e/AC-3, 16 A, 7,5 kW/400 V, tripolar, 230 V AC, 50/60 Hz, contactos auxiliares: 1 NA, borne de tornillo, tamano: S00",2026-01-27,105,EQUI.AUTO.Y CONTROL,EQUIPO ELECTRICO & AUTOMATIZACION,CONTACTORES,11,2.0,53.7,50.7,59.7,0.0,10.0,3.0,1.0,14.0,4.214285714285714,4
3RT20241AL20,"contactor de potencia, AC-3e/AC-3, 12 A, 5,5 kW/400 V, tripolar, 230 V AC, 50/60 Hz, contactos auxiliares: 1 NA + 1 NC, borne de tornillo, tamano: S0",2026-01-27,105,EQUI.AUTO.Y CONTROL,EQUIPO ELECTRICO & AUTOMATIZACION,CONTACTORES,11,8.0,44.8,42.3,49.7,0.0,40.0,11.0,1.0,52.0,4.538461538461538,5
6ED10521HB080BA2,"LOGO! 24RCE, módulo lógico,display FA/E/S: 24 V AC/DC 24 V/relé, 8 DI/4 DO, mem. 400 bloques, posibilidad de ampliación modular, Ethernet, servidor web integrado, Datalog, páginas web",2026-01-27,105,EQUI.AUTO.Y CONTROL,EQUIPO ELECTRICO & AUTOMATIZACION,"PLC, LOGOS & MODULOS",11,12.0,179.8,169.8,199.8,0.0,1.0,6.0,0.0,7.0,50.57142857142857,51
6ES79710BA00,"SIMATIC S7-400, PILA TAMPON 3,6 V/2,3 AH PARA PS 405 4 A/10 A/20 A Y PS 407 4 A/10 A/20 A",2026-01-27,105,EQUI.AUTO.Y CONTROL,EQUIPO ELECTRICO & AUTOMATIZACION,"PLC, LOGOS & MODULOS",11,5.0,32.0,30.2,35.5,0.0,3.0,4.0,0.0,7.0,21.071428571428573,21
MX:B2125,"Siemens Low Voltage, interruptores automaticos de caja moldeada montaje en tablero de distribucion 240 V interruptores automaticos tipo BL, 2 polos, 120/240 V AC, interruptores automaticos de",2026-01-27,105,EQUI.AUTO.Y CONTROL,EQUIPO ELECTRICO & AUTOMATIZACION,CENTROS DE CARGA E INTERRUPTORES,11,4.0,44.2,41.8,49.2,0.0,0.0,0.0,2.0,2.0,59.0,59
US2: JXD63B400,Interruptor JD 3P 400 A 600 V 25kA FX NL,2026-01-27,105,EQUI.AUTO.Y CONTROL,EQUIPO ELECTRICO & AUTOMATIZACION,INTERRUPTORES INDUSTRIALES,11,1.0,946.7,894.1,1051.9,0.0,2.0,2.0,0.0,4.0,7.375,7
3RU21164AB0,"Rele de sobrecarga 11...16 A termico para proteccion de motores tamano S00, clase 10 para montar en contactor Circuito principal: atornillable circuito auxiliar: atornillable Rearme",2026-01-26,105,EQUI.AUTO.Y CONTROL,EQUIPO ELECTRICO & AUTOMATIZACION,RELES DE PROTECCION,11,7.0,44.2,41.7,49.1,0.0,1.0,1.0,0.0,2.0,103.25,103
3SU11026AA401AA0,"lampara de senalizacion, 22 mm, redondo, plastico, verde, lente, liso, con soporte, Modulo LED, CON LED INTGR. 24 V AC/DC, borne de tornillo",2026-01-26,105,EQUI.AUTO.Y CONTROL,EQUIPO ELECTRICO & AUTOMATIZACION,BOTONERIA,11,3.0,17.5,16.5,19.4,0.0,4.0,11.0,4.0,19.0,4.657894736842105,5
3RV20314JA10,"Interruptor automatico tamano S2 para proteccion de motores, CLASE 10 Disparador por sobrecarga con retardo segun intensidad 54...65 A Disparador de cortocircuito 845 A borne de tornillo poder",2026-01-21,105,EQUI.AUTO.Y CONTROL,EQUIPO ELECTRICO & AUTOMATIZACION,GUARDAMOTORES,11,3.0,242.6,229.1,269.5,0.0,4.0,3.0,1.0,8.0,11.0625,11
5SL61637CC,"Automato magnetotermico C63 230/400 V, 6kA, de 1 polo, caracteristica C, In=63 A",2026-01-21,105,EQUI.AUTO.Y CONTROL,EQUIPO ELECTRICO & AUTOMATIZACION,AUTOMATOS,11,8.0,9.2,8.7,10.2,0.0,20.0,7.0,8.0,35.0,6.742857142857143,7
US2: FXD63B150L,"Interruptor FD 3P, 150 A, 600 V, 22 kA, FX terminales mit",2026-01-21,105,EQUI.AUTO.Y CONTROL,EQUIPO ELECTRICO & AUTOMATIZACION,INTERRUPTORES INDUSTRIALES,11,1.0,516.5,487.8,573.9,0.0,13.0,6.0,4.0,23.0,1.2826086956521738,1
US2:CQD350,Interruptor CQD 3P 50 A 480/277V 14 kA DIN,2026-01-19,105,EQUI.AUTO.Y CONTROL,EQUIPO ELECTRICO & AUTOMATIZACION,INTERRUPTORES INDUSTRIALES,11,4.0,136.9,129.3,152.1,0.0,2.0,3.0,0.0,5.0,23.6,24
US2:TA3K500,"Interruptor LMD-ND terminal Al/Cu 1, 2, 3 hilos 500 kcmil",2026-01-19,105,EQUI.AUTO.Y CONTROL,EQUIPO ELECTRICO & AUTOMATIZACION,INTERRUPTORES INDUSTRIALES,11,6.0,80.4,75.9,57.0,0.0,0.0,13.0,0.0,13.0,13.615384615384617,14
US2:BQD360,Interruptor BQD 3P 60 A 480 V AC 14 kA,2026-01-09,105,EQUI.AUTO.Y CONTROL,EQUIPO ELECTRICO & AUTOMATIZACION,INTERRUPTORES INDUSTRIALES,11,1.0,105.3,99.4,117.0,0.0,1.0,0.0,1.0,2.0,14.75,15
US2:CQD340,Interruptor CQD 3P 40 A 480/277V 14 kA DIN,2026-01-09,105,EQUI.AUTO.Y CONTROL,EQUIPO ELECTRICO & AUTOMATIZACION,INTERRUPTORES INDUSTRIALES,11,1.0,117.8,111.3,130.9,0.0,2.0,1.0,2.0,5.0,5.9,6
6ES72151AG400XB0,"SIMATIC S7-1200, CPU 1215C, CPU compacta, DC/DC/DC, 2 puert PROFINET, E/S integradas: 14 DI 24VDC; 10 DO 24VDC; 0.5 A; 2 AI 0-10VDC, 2 AO 0-20 mA DC, aliment: DC 20.4-28.8VDC, memoria programas 200kB",2026-01-07,105,EQUI.AUTO.Y CONTROL,EQUIPO ELECTRICO & AUTOMATIZACION,"PLC, LOGOS & MODULOS",11,1.0,0.0,0.0,0.0,0.0,0.0,1.0,0.0,1.0,29.5,30
3VM14635EE320AA0,"interruptor automático 3VM1 IEC frame 630 clase de poder de corte S Icu=55 kA a 415 V, 3 polos, protección de distribuciones TM220, ATFM, In=630 A protección de sobrecarga Ir=440 A...630 A,",2025-12-22,105,EQUI.AUTO.Y CONTROL,EQUIPO ELECTRICO & AUTOMATIZACION,INTERRUPTORES INDUSTRIALES,11,1.0,933.0,881.1,1036.6,0.0,1.0,1.0,0.0,2.0,14.75,15
3RA29112FA00,"MODULO UNION 3RV CON 3RT, CONEXION RESORTE",2025-12-20,105,EQUI.AUTO.Y CONTROL,,,11,5.0,7.2,6.8,8.0,0.0,0.0,0.0,0.0,0.0,inf,Infinito
3RT19445AL21,"Bobina de excitacion para contactores SIRIUS Tamano S3, bornes de tornillo, 230 V AC, 50/60 Hz !!! Producto a extinguir El sucesor es SIRIUS 3RT2",2025-12-20,105,EQUI.AUTO.Y CONTROL,EQUIPO ELECTRICO & AUTOMATIZACION,CONTACTORES,15,2.0,9.55,9.05,8.0,0.0,0.0,0.0,0.0,0.0,inf,Infinito
3RT20371AL20,"contactor de potencia, AC-3e/AC-3, 65 A, 30 kW/400 V, tripolar, 230 V AC, 50/60 Hz, contactos auxiliares: 1 NA + 1 NC, borne de tornillo, tamano: S2",2025-12-20,105,EQUI.AUTO.Y CONTROL,EQUIPO ELECTRICO & AUTOMATIZACION,CONTACTORES,11,2.0,241.2,227.8,268.0,0.0,7.0,1.0,1.0,9.0,6.555555555555555,7
3SU11066AA201AA0,"lampara de senalizacion, 22 mm, redondo, plastico, rojo, lente, liso, con soporte, Modulo LED, con LED intgr. 230 V AC, borne de tornillo",2025-12-20,105,EQUI.AUTO.Y CONTROL,EQUIPO ELECTRICO & AUTOMATIZACION,BOTONERIA,11,4.0,22.4,21.1,24.9,0.0,1.0,10.0,5.0,16.0,7.375,7
3SU14011BF401AA0,"Módulo LED con LED integrado 230 V CA, verde, terminal de tornillo, para montaje en placa frontal",2025-12-20,105,EQUI.AUTO.Y CONTROL,EQUIPO ELECTRICO & AUTOMATIZACION,BOTONERIA,11,1.0,0.0,0.0,0.0,0.0,0.0,0.0,0.0,0.0,inf,Infinito
3UG45011AW30,rele de vigilancia analogico vigilancia de nivel vigilancia de parada de 2 a 200 kOhm Rebase por exceso y rebase por defecto AC/DC 24 hasta 240 V DC y AC 50 a 60Hz Regulacion de 2 puntos o de 1,2025-12-20,105,EQUI.AUTO.Y CONTROL,EQUIPO ELECTRICO & AUTOMATIZACION,OTROS,11,5.0,111.4,105.2,123.8,0.0,25.0,5.0,2.0,32.0,4.609375,5
5SL62027CC,"Automato magnetotermico 400 V 6 kA, 2 polos, C, 2 A",2025-12-20,105,EQUI.AUTO.Y CONTROL,EQUIPO ELECTRICO & AUTOMATIZACION,AUTOMATOS,11,9.0,22.1,20.9,24.6,0.0,2.0,1.0,0.0,3.0,88.5,88
6ED10521FB080BA2,"LOGO! 230RCE,módulo lógico, display FA/E/S: 115V/230V/relé, 8 DI/4 DO, mem. 400 bloques, posibilidad de ampliación modular, Ethernet, servidor web integrado, Datalog, páginas web personalizadas,",2025-12-20,105,EQUI.AUTO.Y CONTROL,EQUIPO ELECTRICO & AUTOMATIZACION,"PLC, LOGOS & MODULOS",11,2.0,177.6,167.8,197.4,0.0,0.0,10.0,9.0,19.0,3.1052631578947367,3
6SL32105BB215UV1,"SINAMICS V20 200-240 V 1 AC –10/+10% 47-63 Hz potencia nominal 1,5 kW con sobrecarga del 150 % durante 60 s sin filtrar E/S: 4 DI, 2 DO, 2 AI, 1 AO bus de campo: USS/Modbus RTU con panel de",2025-12-20,105,EQUI.AUTO.Y CONTROL,EQUIPO ELECTRICO & AUTOMATIZACION,VARIADORES,11,3.0,284.6,268.8,316.3,0.0,16.0,5.0,0.0,21.0,4.214285714285714,4
6SL32105BE175UV0,"SINAMICS V20 380-480 V 3 AC – 15/+ 10 % 47-63 Hz potencia nominal 0,75 kW con sobrecarga del 150 % durante 60 s sin filtrar E/S: 4 DI, 2 DO, 2 AI, 1 AO bus de campo: USS/Modbus RTU con panel de",2025-12-20,105,EQUI.AUTO.Y CONTROL,EQUIPO ELECTRICO & AUTOMATIZACION,VARIADORES,11,4.0,325.0,307.0,361.0,0.0,0.0,0.0,0.0,0.0,inf,Infinito
A7B10002264073,"TPS4C0913D00, SPD1 tipo 1, externo, 208/120 V trifasico, 4 hilos, 130 kA, version seca de contacto, alarma acustica",2025-12-20,105,EQUI.AUTO.Y CONTROL,EQUIPO ELECTRICO & AUTOMATIZACION,OTROS,11,1.0,290.3,274.2,322.6,0.0,1.0,1.0,1.0,3.0,9.833333333333332,10
US2:3TA1QR300,"Interruptor QR, terminales Al-Cu, 1 hilo, 300 MCM Kit de 3",2025-12-20,105,EQUI.AUTO.Y CONTROL,EQUIPO ELECTRICO & AUTOMATIZACION,INTERRUPTORES INDUSTRIALES,11,10.0,11.1,10.4,12.3,0.0,4.0,4.0,2.0,10.0,29.5,30
US2:CQD330,Interruptor CQD 3P 30 A 480/277V 14 kA DIN,2025-12-20,105,EQUI.AUTO.Y CONTROL,EQUIPO ELECTRICO & AUTOMATIZACION,INTERRUPTORES INDUSTRIALES,11,3.0,116.9,110.4,129.9,0.0,5.0,4.0,0.0,9.0,9.833333333333332,10
US2:CQD330,Interruptor CQD 3P 30 A 480/277V 14 kA DIN,2025-12-20,105,EQUI.AUTO.Y CONTROL,EQUIPO ELECTRICO & AUTOMATIZACION,INTERRUPTORES INDUSTRIALES,15,2.0,116.9,110.4,129.9,0.0,0.0,0.0,0.0,0.0,inf,Infinito
US2:MSE6,Interruptor ED Kit de tornillos de montaje (4 unidades),2025-12-20,105,EQUI.AUTO.Y CONTROL,EQUIPO ELECTRICO & AUTOMATIZACION,INTERRUPTORES INDUSTRIALES,15,5.0,4.8,4.5,4.0,2.0,0.0,0.0,0.0,0.0,inf,Infinito
3RV20110KA10,"Interruptor automatico tamano S00 para proteccion de motores, CLASE 10 Disparador por sobrecarga con retardo segun intensidad 0,9...1,25 A Disparador de cortocircuito 16 A borne de tornillo",2025-12-16,105,EQUI.AUTO.Y CONTROL,EQUIPO ELECTRICO & AUTOMATIZACION,GUARDAMOTORES,11,3.0,67.0,63.3,74.5,0.0,10.0,4.0,1.0,15.0,5.9,6
3RV20214DA10,"Interruptor automatico tamano S0 para proteccion de motores, CLASE 10 Disparador por sobrecarga con retardo segun intensidad 18...25 A Disparador de cortocircuito 325 A borne de tornillo poder",2025-12-16,105,EQUI.AUTO.Y CONTROL,EQUIPO ELECTRICO & AUTOMATIZACION,GUARDAMOTORES,11,2.0,103.3,97.6,114.8,0.0,14.0,7.0,3.0,24.0,2.458333333333333,2
3NA3830,"cartucho de fusibles NH, NH000, Entrada: 100 A, gG, Un AC: 500 V, Un DC: 250 V, indicador de fusion superior, orejetas energizadas",2025-12-11,105,EQUI.AUTO.Y CONTROL,EQUIPO ELECTRICO & AUTOMATIZACION,FUSIBLES,11,15.0,9.6,9.1,10.7,0.0,32.0,50.0,0.0,82.0,5.396341463414634,5
3RT20161BB41,"contactor de potencia, AC-3e/AC-3, 9 A, 4 kW/400 V, tripolar, 24 V DC, contactos auxiliares: 1 NA, borne de tornillo, tamano: S00",2025-12-11,105,EQUI.AUTO.Y CONTROL,EQUIPO ELECTRICO & AUTOMATIZACION,CONTACTORES,11,15.0,40.3,38.1,44.8,0.0,48.0,41.0,4.0,93.0,4.758064516129032,5
3RV1923-1CA00,Caja de superficie de material aislante grado de proteccion IP55 con borne N y borne de puesta a tierra PE bloqueable en posicion O 54 mm con paso de paso de cables sin homologacion UL/CSA,2025-12-11,105,EQUI.AUTO.Y CONTROL,EQUIPO ELECTRICO & AUTOMATIZACION,GUARDAMOTORES,11,2.0,35.7,33.7,39.7,0.0,4.0,5.0,2.0,11.0,5.363636363636364,5
6ED10551MB000BA2,"Modulo ampl. LOGO! DM8 12/24R, FA/E/S: 12, 24V/12V/24V/rele, 2TE, 4 DI/4 DO para LOGO! 8",2025-12-11,105,EQUI.AUTO.Y CONTROL,EQUIPO ELECTRICO & AUTOMATIZACION,"PLC, LOGOS & MODULOS",11,4.0,97.2,91.8,108.0,0.0,6.0,28.0,4.0,38.0,3.1052631578947367,3
6SL32101PC22-2UL0,"SINAMICS POWER MODULE PM240-2 SIN FILTRO CON FRENO CHOPPER INTEGRADO 3AC200-240V +10/-10% 47-63HZ POTENC. SOBRECARGA ALTA: 4KW CON 200% 3S,150% 57S,100% 240S TEMP. AMBI. -10 A +50 GRD C POTEN.",2025-12-10,105,EQUI.AUTO.Y CONTROL,EQUIPO ELECTRICO & AUTOMATIZACION,VARIADORES,11,1.0,1039.7,981.9,1155.2,0.0,4.0,2.0,0.0,6.0,4.916666666666666,5
6SL32101PC22-8UL0,"SINAMICS POWER MODULE PM240-2 SIN FILTRO CON FRENO CHOPPER INTEGRADO 3AC200-240V +10/-10% 47-63HZ POTENC. SOBRECARGA ALTA: 5,5KW CON 200% 3S,150% 57S,100% 240S TEMP. AMBI. -10 A +50 GRD C POTEN.",2025-12-10,105,EQUI.AUTO.Y CONTROL,EQUIPO ELECTRICO & AUTOMATIZACION,VARIADORES,11,2.0,1037.2,979.6,1152.5,0.0,1.0,1.0,0.0,2.0,29.5,30
US2:FXD63B250L,"Interruptor FD, 3P, 250 A, 600 V, 22 kA, FX terminales mit",2025-12-10,105,EQUI.AUTO.Y CONTROL,EQUIPO ELECTRICO & AUTOMATIZACION,INTERRUPTORES INDUSTRIALES,11,3.0,501.2,473.4,556.9,0.0,5.0,7.0,0.0,12.0,7.375,7
3RU21364HB0,"Rele de sobrecarga 40... 50 A termico para proteccion de motores tamano S2, clase 10 para montar en contactor Circuito principal: atornillable circuito auxiliar: atornillable Rearme",2025-12-01,105,EQUI.AUTO.Y CONTROL,EQUIPO ELECTRICO & AUTOMATIZACION,RELES DE PROTECCION,11,1.0,111.2,105.1,123.6,0.0,1.0,3.0,0.0,4.0,7.375,7
5SL62407CC,"Automato magnetotermico 400 V 6 kA, 2 polos, C, 40 A",2025-12-01,105,EQUI.AUTO.Y CONTROL,EQUIPO ELECTRICO & AUTOMATIZACION,AUTOMATOS,11,1.0,18.5,17.5,20.6,0.0,4.0,7.0,0.0,11.0,2.681818181818182,3
5SL63257CC,"Automato magnetotermico 400 V 6 kA, tripolar, C, 25 A",2025-12-01,105,EQUI.AUTO.Y CONTROL,EQUIPO ELECTRICO & AUTOMATIZACION,AUTOMATOS,11,8.0,23.3,22.0,25.9,0.0,2.0,2.0,0.0,4.0,59.0,59
8WH10000AK00,"borne, conexión por tornillo, borne de paso, 16 mm², gris",2025-12-01,105,EQUI.AUTO.Y CONTROL,EQUIPO ELECTRICO & AUTOMATIZACION,OTROS,11,50.0,1.8,1.7,2.0,0.0,0.0,0.0,0.0,0.0,inf,Infinito
USA:SF6D,Kit montaje interruptor FD6 para P5/S5/SPP  tablero distrib. Cu S4/S5. barra deriv.,2025-12-01,105,EQUI.AUTO.Y CONTROL,EQUIPO ELECTRICO & AUTOMATIZACION,INTERRUPTORES INDUSTRIALES,11,1.0,373.0,352.2,414.4,0.0,1.0,1.0,0.0,2.0,14.75,15
3RV20314EA10,"Interruptor automatico tamano S2 para proteccion de motores, CLASE 10 Disparador por sobrecarga con retardo segun intensidad 22...32 A Disparador de cortocircuito 416 A borne de tornillo poder",2025-11-25,105,EQUI.AUTO.Y CONTROL,EQUIPO ELECTRICO & AUTOMATIZACION,GUARDAMOTORES,11,3.0,184.9,174.6,205.4,0.0,13.0,14.0,1.0,28.0,3.1607142857142856,3
B25674C2052J30,CAPACITOR 6KVAR 3F 230V PHASECAP,2025-11-25,105,EQUI.AUTO.Y CONTROL,,,11,1.0,0.0,0.0,0.0,0.0,0.0,0.0,0.0,0.0,inf,Infinito
6ES72411CH301XB0,"SIMATIC S7-1200, Communication Board CB 1241, RS-485, bloque de bornes, Soporta Freeport",2025-11-19,105,EQUI.AUTO.Y CONTROL,EQUIPO ELECTRICO & AUTOMATIZACION,"PLC, LOGOS & MODULOS",11,1.0,187.4,177.0,208.3,0.0,1.0,4.0,0.0,5.0,5.9,6
6ES79548LE040AA0,"SIMATIC S7, Memory Card para S7-1x00 CPU/SINAMICS, 3, 3 V Flash, 12 MBytes",2025-11-19,105,EQUI.AUTO.Y CONTROL,EQUIPO ELECTRICO & AUTOMATIZACION,"PLC, LOGOS & MODULOS",11,1.0,295.0,278.6,327.8,0.0,0.0,2.0,0.0,2.0,14.75,15
3RT20171BB42,"contactor de potencia, AC-3e/AC-3, 12 A, 5,5 kW/400 V, tripolar, 24 V DC, contactos auxiliares: 1 NC, borne de tornillo, tamano: S00",2025-11-17,105,EQUI.AUTO.Y CONTROL,EQUIPO ELECTRICO & AUTOMATIZACION,CONTACTORES,11,4.0,71.7,67.7,79.6,0.0,45.0,36.0,10.0,91.0,1.2967032967032968,1
3RT26271AP65,"contactor para condensador, AC-6b 25 kVAr, /400 V, tripolar, 220 V AC, 50 Hz/240 V, 60 Hz, contactos auxiliares: 1 NA + 2 NC, borne de tornillo, tamano: S0",2025-11-17,105,EQUI.AUTO.Y CONTROL,EQUIPO ELECTRICO & AUTOMATIZACION,CONTACTORES,11,4.0,139.2,131.5,154.7,0.0,0.0,10.0,0.0,10.0,11.8,12
6EP14363BA00,SITOP modular 20 A fuente de alimentación estabilizada entrada: 400-500 V 3 AC salida: 24 V DC/20 A,2025-11-07,105,EQUI.AUTO.Y CONTROL,EQUIPO ELECTRICO & AUTOMATIZACION,"PLC, LOGOS & MODULOS",11,1.0,469.0,442.9,521.1,0.0,2.0,0.0,0.0,2.0,14.75,15
6SL32440BB121FA0,"SINAMICS G120 CONTROL UNIT CU240E-2 PN TIPO E SAFETY INTEGRATED STO PROFINET 6DI, 3DO, 2AI, 2AO, MAX 1F-DI INTERFAZ PTC/KTY INTERFAZ USB- Y SD/MMC GRADO DE PROTECCION IP20 TEMP. AMBI. 0 HASTA",2025-11-07,105,EQUI.AUTO.Y CONTROL,EQUIPO ELECTRICO & AUTOMATIZACION,VARIADORES,11,4.0,466.7,440.8,518.6,0.0,5.0,7.0,0.0,12.0,9.833333333333332,10
US2:CQD380,Interruptor CQD 3P 80 A 480/277V 14 kA DIN,2025-10-29,105,EQUI.AUTO.Y CONTROL,EQUIPO ELECTRICO & AUTOMATIZACION,INTERRUPTORES INDUSTRIALES,11,3.0,114.7,108.4,127.5,0.0,1.0,7.0,0.0,8.0,11.0625,11
Q280,"Siemens Low Voltage Interruptores automáticos residenciales Interruptores pequeños termomagnéticos Interruptores - Tipo QP/MP 2 polos 120/240 V AC son circuitos, redes de centro de carga de",2025-10-22,105,EQUI.AUTO.Y CONTROL,EQUIPO ELECTRICO & AUTOMATIZACION,CENTROS DE CARGA E INTERRUPTORES,11,378.0,27.0,25.5,30.1,0.0,431.0,1007.0,16.0,1454.0,7.669188445667125,8
5SL62067CC,"Automato magnetotermico 400 V 6 kA, 2 polos, C, 6 A",2025-10-20,105,EQUI.AUTO.Y CONTROL,EQUIPO ELECTRICO & AUTOMATIZACION,AUTOMATOS,11,4.0,22.0,20.8,24.4,0.0,26.0,15.0,4.0,45.0,2.6222222222222222,3
6ED10551FB000BA2,"Modulo ampl. LOGO! DM8 230R, FA/E/S: 230V/230V/rele, 2TE, 4 DI/4 DO para LOGO! 8",2025-10-20,105,EQUI.AUTO.Y CONTROL,EQUIPO ELECTRICO & AUTOMATIZACION,"PLC, LOGOS & MODULOS",11,10.0,90.8,85.8,100.9,0.0,21.0,19.0,1.0,41.0,7.195121951219512,7
6ED10551MM000BA2,"Modulo de ampliacion LOGO! AM2 AQ, alimentacion: DC 24V, 2 AO, 0-10V, 0/4-20 mA para LOGO! 8",2025-10-20,105,EQUI.AUTO.Y CONTROL,EQUIPO ELECTRICO & AUTOMATIZACION,"PLC, LOGOS & MODULOS",11,2.0,161.0,152.1,178.9,0.0,17.0,11.0,3.0,31.0,1.9032258064516128,2
MX:B240,Interruptor 40 A 2P 120/240 V 10 K  BL10 K AIC SIEMENS,2025-10-20,105,EQUI.AUTO.Y CONTROL,EQUIPO ELECTRICO & AUTOMATIZACION,CENTROS DE CARGA E INTERRUPTORES,11,1.0,23.4,22.1,26.0,0.0,3.0,10.0,10.0,23.0,1.2826086956521738,1
US2: CQD230,Interruptor CQD 2P 30 A 480/277V 14 kA DIN,2025-10-20,105,EQUI.AUTO.Y CONTROL,EQUIPO ELECTRICO & AUTOMATIZACION,INTERRUPTORES INDUSTRIALES,11,2.0,78.0,73.7,86.7,0.0,0.0,4.0,0.0,4.0,14.75,15
3RT20161AV61,CONTACTOR 9A 1NC 1NO 480V,2025-10-17,105,EQUI.AUTO.Y CONTROL,,,11,5.0,38.3,36.1,42.5,0.0,0.0,5.0,0.0,5.0,29.5,30
3RT20171BB41,"contactor de potencia, AC-3e/AC-3, 12 A, 5,5 kW/400 V, tripolar, 24 V DC, contactos auxiliares: 1 NA, borne de tornillo, tamano: S00",2025-10-17,105,EQUI.AUTO.Y CONTROL,EQUIPO ELECTRICO & AUTOMATIZACION,CONTACTORES,11,4.0,47.95,45.3,53.3,0.0,0.0,0.0,4.0,4.0,29.5,30
3SE50000AR01,"Cabeza de accionamiento: varilla elastica para interruptores de posicion 3SE51/52, solo con contactos de accion brusca, longitud total 142,5 mm resorte = 50 mm, vastago = 50 mm, de plastico",2025-10-16,105,EQUI.AUTO.Y CONTROL,EQUIPO ELECTRICO & AUTOMATIZACION,OTROS,11,4.0,30.2,28.5,33.6,0.0,6.0,5.0,0.0,11.0,10.727272727272728,11
6EP13363BA10,"SITOP PSU8200 20 A fuente de alimentación estabilizada entrada: 120-230 V AC 110-220 V DC, salida: 24 V DC/20 A",2025-10-16,105,EQUI.AUTO.Y CONTROL,EQUIPO ELECTRICO & AUTOMATIZACION,"PLC, LOGOS & MODULOS",11,1.0,460.9,435.3,512.1,0.0,0.0,4.0,0.0,4.0,7.375,7
3SU11020AB201CA0,"pulsador luminoso, 22 mm, redondo, plastico, rojo, boton, rasante, momentaneo, con soporte, 1NC, modulo de LED con LED intgr. 24 V AC/DC, borne de tornillo",2025-10-13,105,EQUI.AUTO.Y CONTROL,EQUIPO ELECTRICO & AUTOMATIZACION,BOTONERIA,11,5.0,27.2,25.7,30.2,0.0,6.0,8.0,0.0,14.0,10.535714285714286,11
US2:FXD63B200L,"Interruptor FD 3P, 200 A, 600 V, 22 kA, FX terminales mit",2025-10-13,105,EQUI.AUTO.Y CONTROL,EQUIPO ELECTRICO & AUTOMATIZACION,INTERRUPTORES INDUSTRIALES,11,1.0,503.2,475.3,559.1,0.0,2.0,1.0,0.0,3.0,9.833333333333332,10
3RU21264BB0,"Rele de sobrecarga 14...20 A termico para proteccion de motores tamano S0, clase 10 para montar en contactor Circuito principal: atornillable circuito auxiliar: atornillable Rearme",2025-10-08,105,EQUI.AUTO.Y CONTROL,EQUIPO ELECTRICO & AUTOMATIZACION,RELES DE PROTECCION,11,1.0,46.8,44.2,52.0,0.0,5.0,3.0,0.0,8.0,3.6875,4
US2:JXD63B300,"Interruptor JD 3P, 300 A, 600 V 25kA FX NL",2025-10-08,105,EQUI.AUTO.Y CONTROL,EQUIPO ELECTRICO & AUTOMATIZACION,INTERRUPTORES INDUSTRIALES,11,1.0,971.4,917.4,1079.3,0.0,1.0,1.0,1.0,3.0,9.833333333333332,10
US2:TA2J6500,Interruptor JD/LD terminales Al/Cu 500 kcmil,2025-10-08,105,EQUI.AUTO.Y CONTROL,EQUIPO ELECTRICO & AUTOMATIZACION,INTERRUPTORES INDUSTRIALES,11,18.0,27.8,26.2,30.8,0.0,74.0,45.0,0.0,119.0,4.46218487394958,4
3RP25741NW30,"relé temporizador, electrónico con función estrella-triángulo 1NA instantáneo 1NA retardado 1 rango de tiempo, 1...20 s AC/DC 12-240 V con AC 50/60 Hz borne de tornillo",2025-10-06,105,EQUI.AUTO.Y CONTROL,EQUIPO ELECTRICO & AUTOMATIZACION,OTROS,11,2.0,87.0,82.2,96.7,0.0,0.0,3.0,0.0,3.0,19.666666666666664,20
3RT20241AK60,"contactor de potencia, AC-3e/AC-3, 12 A, 5,5 kW/400 V, tripolar, 110 V AC, 50 Hz/120 V, 60 Hz, contactos auxiliares: 1 NA + 1 NC, borne de tornillo, tamano: S0",2025-10-06,105,EQUI.AUTO.Y CONTROL,EQUIPO ELECTRICO & AUTOMATIZACION,CONTACTORES,11,5.0,44.0,41.6,48.9,0.0,8.0,4.0,0.0,12.0,12.291666666666668,12
6ES72231PH320XB0,"SIMATIC S7-1200, E/S digitales SM 1223, 8 DI/8 DO, 8 DI DC 24V, Sink/Source, 8 DO, rele 2 A",2025-10-06,105,EQUI.AUTO.Y CONTROL,EQUIPO ELECTRICO & AUTOMATIZACION,"PLC, LOGOS & MODULOS",11,1.0,260.1,245.7,289.0,0.0,0.0,0.0,1.0,1.0,29.5,30
Q2100,BREAKER 100A 2P 240V,2025-10-06,105,EQUI.AUTO.Y CONTROL,,,11,58.0,20.0,18.9,22.0,0.0,0.0,2.0,0.0,2.0,855.5,856
Q240,BREAKER 40A 2P,2025-10-06,105,EQUI.AUTO.Y CONTROL,,,15,105.0,10.5,9.45,13.0,6.5,0.0,4.0,0.0,4.0,774.375,774
8UD17310AC21,DISYUNTOR 3VA Maneta PARA 3VA63/4 GRIS ESTÁNDAR CON FUNCIÓN DE APERTURA DE PUERTA PLACA DE ENMASCARAMIENTO INCLUIDA CON COMPENSACIÓN DE TOLERANCIA,2025-09-29,105,EQUI.AUTO.Y CONTROL,EQUIPO ELECTRICO & AUTOMATIZACION,OTROS,11,1.0,61.15,57.75,96.0,0.0,0.0,0.0,0.0,0.0,inf,Infinito
3RH21221AP00,"contactor auxiliar, 2 NA + 2 NC, 230 V AC, 50/60 Hz, bornes de tornillo, tamaño S00",2025-09-26,105,EQUI.AUTO.Y CONTROL,EQUIPO ELECTRICO & AUTOMATIZACION,CONTACTORES,11,11.0,43.3,40.9,48.1,0.0,7.0,6.0,0.0,13.0,24.96153846153846,25
6ES72314HD320XB0,"SIMATIC S7-1200, modulo de entradas analogicas, SM 1231, 4 AI, +/-10V, +/-5V, +/-2,5V, o 0-20 mA/4-20 mA, 12 bits + signo (13 bits ADC)",2025-09-26,105,EQUI.AUTO.Y CONTROL,EQUIPO ELECTRICO & AUTOMATIZACION,"PLC, LOGOS & MODULOS",11,4.0,332.4,313.9,369.3,0.0,7.0,4.0,0.0,11.0,10.727272727272728,11
6ES72324HD320XB0,"SIMATIC S7-1200, Salida analógica, SM 1232, 4 AO, +/-10V, Resolución de 14 bits, o 0-20 mA/4-20 mA, Resolución de 13 bits",2025-09-26,105,EQUI.AUTO.Y CONTROL,EQUIPO ELECTRICO & AUTOMATIZACION,"PLC, LOGOS & MODULOS",11,3.0,545.2,514.9,605.8,0.0,4.0,4.0,0.0,8.0,11.0625,11
US2:CQD280,Interruptor CQD 2P 80 A 480/277V 14 kA DIN,2025-09-19,105,EQUI.AUTO.Y CONTROL,EQUIPO ELECTRICO & AUTOMATIZACION,INTERRUPTORES INDUSTRIALES,15,1.0,90.0,85.0,100.0,0.0,0.0,1.0,1.0,2.0,14.75,15
6ED10521MD080BA2,"LOGO! 12/24RCE, módulo lógico, displ. FA/E/S: 12/DC 24 V/relé, 8 DI (4 AI)/4 DO, mem. 400 bloques, modularmente ampliable, Ethernet, servidor web integrado, Datalog, variantes personalizadas",2025-09-17,105,EQUI.AUTO.Y CONTROL,EQUIPO ELECTRICO & AUTOMATIZACION,"PLC, LOGOS & MODULOS",11,22.0,178.2,168.3,198.0,0.0,3.0,36.0,6.0,45.0,14.422222222222222,14
6XV1830ET50,"PROFIBUS FC Standard, cable de bus 2 hilos, apantallado, configuración especial para montaje rápido 500 m.",2025-09-17,105,EQUI.AUTO.Y CONTROL,EQUIPO ELECTRICO & AUTOMATIZACION,OTROS,11,5.0,0.0,0.0,0.0,0.0,100.0,4.0,0.0,104.0,1.4182692307692308,1
MX:B350,"Siemens Low Voltage, var. moldeada, caja de interruptores automaticos. Montaje en tablero de distribucion, 240 V Interruptores automaticos, tipo BL, 3 polos, 240 V AC son circuitos, proteccion;",2025-09-16,105,EQUI.AUTO.Y CONTROL,EQUIPO ELECTRICO & AUTOMATIZACION,CENTROS DE CARGA E INTERRUPTORES,11,11.0,39.1,36.9,43.4,0.0,13.0,1.0,0.0,14.0,23.178571428571427,23
3NA3820,"cartucho de fusibles NH, NH000, Entrada: 50 A, gG, Un AC: 500 V, Un DC: 250 V, indicador de fusion superior, orejetas energizadas",2025-09-09,105,EQUI.AUTO.Y CONTROL,EQUIPO ELECTRICO & AUTOMATIZACION,FUSIBLES,11,5.0,9.3,8.8,10.4,0.0,52.0,18.0,14.0,84.0,1.755952380952381,2
3RP25051AW30,"rele temporizador, multifuncion 1 conmutado, 13 funciones 7 rangos de tiempo (0,05 s...100 h) AC/DC 12...240 V con AC 50/60 Hz con LED, borne de tornillo",2025-09-09,105,EQUI.AUTO.Y CONTROL,EQUIPO ELECTRICO & AUTOMATIZACION,OTROS,11,3.0,143.4,135.4,159.3,0.0,13.0,10.0,4.0,27.0,3.2777777777777777,3
3NA3822,"cartucho de fusibles NH, NH000, Entrada: 63 A, gG, Un AC: 500 V, Un DC: 250 V, indicador de fusion superior, orejetas energizadas",2025-09-02,105,EQUI.AUTO.Y CONTROL,EQUIPO ELECTRICO & AUTOMATIZACION,FUSIBLES,11,13.0,9.4,8.8,10.4,0.0,18.0,23.0,0.0,41.0,9.353658536585366,9
3RH29111DA11,"bloque de contactos auxiliares, lateral, 1 NA + 1 NC, izquierda: 41/42, 53/54, derecha: 21/22, 33/34, circuito: 1 NC, 1 NA, borne de tornillo, para contactores 3RT2.1",2025-09-02,105,EQUI.AUTO.Y CONTROL,EQUIPO ELECTRICO & AUTOMATIZACION,CONTACTORES,11,5.0,14.9,14.1,16.6,0.0,83.0,27.0,12.0,122.0,1.2090163934426228,1
Q115,"Interruptor de 15 A 1P 120 V 10 K QP10,  KAICSIEMENS",2025-09-02,105,EQUI.AUTO.Y CONTROL,EQUIPO ELECTRICO & AUTOMATIZACION,CENTROS DE CARGA E INTERRUPTORES,11,25.0,6.1,5.8,6.8,0.0,10.0,11.0,0.0,21.0,35.11904761904762,35
3RT20251BB40,"contactor de potencia, AC-3e/AC-3, 17 A, 7,5 kW/400 V, tripolar, 24 V DC, contactos auxiliares: 1 NA + 1 NC, borne de tornillo, tamano: S0",2025-08-29,105,EQUI.AUTO.Y CONTROL,EQUIPO ELECTRICO & AUTOMATIZACION,CONTACTORES,11,6.0,104.2,98.4,115.7,0.0,7.0,7.0,0.0,14.0,12.642857142857142,13
6ES72141HG400XB0,"SIMATIC S7-1200, CPU 1214C, CPU compacta, DC/DC/rele, E/S integradas: 14 DI 24 V DC; 10 DO, rele 2 A; 2 AI 0-10 V DC, alimentacion: DC 20,4-28,8 V DC, memoria de programas/datos 150 KB",2025-08-29,105,EQUI.AUTO.Y CONTROL,EQUIPO ELECTRICO & AUTOMATIZACION,"PLC, LOGOS & MODULOS",11,4.0,593.8,560.8,659.8,0.0,5.0,4.0,1.0,10.0,11.8,12
6ED10554MH080BA1,"visualizador de texto LOGO! TD, de 6 lineas, 3 colores de fondo, 2 puertos Ethernet, accesorios de montaje para LOGO! 8",2025-08-27,105,EQUI.AUTO.Y CONTROL,EQUIPO ELECTRICO & AUTOMATIZACION,"PLC, LOGOS & MODULOS",11,12.0,200.4,189.3,222.7,0.0,14.0,27.0,2.0,43.0,8.232558139534884,8
3RH21221AK60,"contactor auxiliar, 2 NA + 2 NC, 110 V AC, 50 Hz/120 V, 60 Hz, bornes de tornillo, tamaño S00",2025-08-25,105,EQUI.AUTO.Y CONTROL,EQUIPO ELECTRICO & AUTOMATIZACION,CONTACTORES,11,3.0,48.8,46.1,54.3,0.0,3.0,2.0,0.0,5.0,17.7,18
MX:B220,"Interruptor 20 A, 2P, 120/240 V, 10K  BL10 K AIC SIEMENS",2025-08-19,105,EQUI.AUTO.Y CONTROL,EQUIPO ELECTRICO & AUTOMATIZACION,CENTROS DE CARGA E INTERRUPTORES,11,1.0,15.0,14.2,16.7,0.0,6.0,9.0,0.0,15.0,1.9666666666666666,2
3NA3817,"cartucho de fusibles NH, NH000, Entrada: 40 A, gG, Un AC: 500 V, Un DC: 250 V, indicador de fusion superior, orejetas energizadas",2025-07-31,105,EQUI.AUTO.Y CONTROL,EQUIPO ELECTRICO & AUTOMATIZACION,FUSIBLES,11,5.0,7.1,6.7,7.9,0.0,0.0,9.0,0.0,9.0,16.38888888888889,16
3RA29211AA00,Bloque de conexión para borne de tornillo eléctrico y mecánico para 3RV2.1/3RV2.2 y 3RT2.2. Mando por AC,2025-07-31,105,EQUI.AUTO.Y CONTROL,EQUIPO ELECTRICO & AUTOMATIZACION,OTROS,11,8.0,6.7,6.3,7.5,0.0,16.0,15.0,0.0,31.0,7.612903225806451,8
Q320,"Siemens Low Voltage Interruptores automaticos residenciales Interruptores pequenos termomagneticos Interruptores - Tipo QP/MP 3 polos 240 V AC son protecciones de circuito, redes de centro de",2025-07-31,105,EQUI.AUTO.Y CONTROL,EQUIPO ELECTRICO & AUTOMATIZACION,CENTROS DE CARGA E INTERRUPTORES,11,4.0,30.1,28.4,33.4,0.0,2.0,0.0,0.0,2.0,59.0,59
5SL61107CC,"Automato magnetotermico 230/400 V 6 kA, 1 polo, C, 10 A",2025-07-29,105,EQUI.AUTO.Y CONTROL,EQUIPO ELECTRICO & AUTOMATIZACION,AUTOMATOS,11,4.0,6.7,6.3,7.4,0.0,22.0,2.0,12.0,36.0,3.2777777777777777,3
3RT20371AK60,"contactor de potencia, AC-3e/AC-3, 65 A, 30 kW/400 V, tripolar, 110 V AC, 50 Hz/120 V, 60 Hz, contactos auxiliares: 1 NA + 1 NC, borne de tornillo, tamano: S2",2025-07-25,105,EQUI.AUTO.Y CONTROL,EQUIPO ELECTRICO & AUTOMATIZACION,CONTACTORES,11,3.0,241.6,228.1,268.4,0.0,9.0,3.0,1.0,13.0,6.807692307692308,7
3RT20381AL20,"contactor de potencia, AC-3e/AC-3, 80 A, 37 kW/400 V, tripolar, 230 V AC, 50/60 Hz, contactos auxiliares: 1 NA + 1 NC, borne de tornillo, tamano: S2",2025-07-25,105,EQUI.AUTO.Y CONTROL,EQUIPO ELECTRICO & AUTOMATIZACION,CONTACTORES,11,3.0,268.2,253.3,298.0,0.0,23.0,4.0,3.0,30.0,2.95,3
3RV20110JA10,"Interruptor automatico tamano S00 para proteccion de motores, CLASE 10 Disparador por sobrecarga con retardo segun intensidad 0,7...1 A Disparador de cortocircuito 13 A borne de tornillo poder",2025-07-25,105,EQUI.AUTO.Y CONTROL,EQUIPO ELECTRICO & AUTOMATIZACION,GUARDAMOTORES,11,2.0,63.0,59.5,70.0,0.0,7.0,5.0,1.0,13.0,4.538461538461538,5
3RV20114AA10,"Interruptor automatico tamano S00 para proteccion de motores, CLASE 10 Disparador por sobrecarga con retardo segun intensidad 10...16 A Disparador de cortocircuito 208 A borne de tornillo poder",2025-07-25,105,EQUI.AUTO.Y CONTROL,EQUIPO ELECTRICO & AUTOMATIZACION,GUARDAMOTORES,11,6.0,81.2,76.7,90.2,0.0,29.0,19.0,3.0,51.0,3.4705882352941178,3
3RV20214BA10,"Interruptor automatico tamano S0 para proteccion de motores, CLASE 10 Disparador por sobrecarga con retardo segun intensidad 13...20 A Disparador de cortocircuito 260 A borne de tornillo poder",2025-07-25,105,EQUI.AUTO.Y CONTROL,EQUIPO ELECTRICO & AUTOMATIZACION,GUARDAMOTORES,11,6.0,84.3,79.6,93.6,0.0,12.0,6.0,2.0,20.0,8.85,9
3RV20214CA10,"Interruptor automatico tamano S0 para proteccion de motores, CLASE 10 Disparador por sobrecarga con retardo segun intensidad 16...22 A Disparador de cortocircuito 286 A borne de tornillo poder",2025-07-25,105,EQUI.AUTO.Y CONTROL,EQUIPO ELECTRICO & AUTOMATIZACION,GUARDAMOTORES,11,2.0,93.0,87.9,103.4,0.0,1.0,11.0,1.0,13.0,4.538461538461538,5
3RV20214FA10,"Interruptor automatico tamano S0 para proteccion de motores, CLASE 10 Disparador por sobrecarga con retardo segun intensidad 34...40 A disparador de cortocircuito 480 A borne de tornillo poder",2025-07-25,105,EQUI.AUTO.Y CONTROL,EQUIPO ELECTRICO & AUTOMATIZACION,GUARDAMOTORES,11,3.0,163.2,154.1,181.3,189.0,3.0,7.0,0.0,10.0,8.85,9
3RH29111HA11,"bloque de contactos auxiliares, por el frente, 1 NA + 1 NC, .1/.2, .3/.4, --/--, --/--, circuito: 1 NC, 1 NA, --, --, borne de tornillo, para contactores 3RT2 y contactores auxiliares 3RH2",2025-07-22,105,EQUI.AUTO.Y CONTROL,EQUIPO ELECTRICO & AUTOMATIZACION,CONTACTORES,11,1.0,9.6,9.1,10.7,0.0,0.0,1.0,0.0,1.0,29.5,30
MX:3TA1QR300,"Interruptor QR, terminales Al-Cu, 1 hilo, 300 MCM Kit de 3",2025-07-22,105,EQUI.AUTO.Y CONTROL,EQUIPO ELECTRICO & AUTOMATIZACION,INTERRUPTORES INDUSTRIALES,11,9.0,10.8,10.2,12.0,0.0,6.0,3.0,2.0,11.0,24.136363636363637,24
MX:NXD63B120,"Interruptor ND 3P, 1200 A, 600 V 25kA FX NL",2025-07-22,105,EQUI.AUTO.Y CONTROL,EQUIPO ELECTRICO & AUTOMATIZACION,INTERRUPTORES INDUSTRIALES,11,1.0,2942.5,2779.0,3269.4,0.0,1.0,1.0,0.0,2.0,14.75,15
MX:QR23B125,"Siemens Low Voltage, var. moldeada caja, interruptor automatico con disparo termomagnetico. QR tamano estandar 40C, interruptor. 125 A 3 polos (10 kA a 240 V). Caracteristicas especiales: Sin",2025-07-22,105,EQUI.AUTO.Y CONTROL,EQUIPO ELECTRICO & AUTOMATIZACION,CENTROS DE CARGA E INTERRUPTORES,11,1.0,285.0,269.2,316.7,0.0,1.0,0.0,1.0,2.0,14.75,15
MX:SBLBD,KIT DE MONTAJE S5 P/BL/BQD,2025-07-22,105,EQUI.AUTO.Y CONTROL,,,11,1.0,149.816439,134.834795,164.798083,0.0,0.0,0.0,1.0,1.0,29.5,30
US2:CQD360,Interruptor CQD 3P 60 A 480/277V 14 kA DIN,2025-07-22,105,EQUI.AUTO.Y CONTROL,EQUIPO ELECTRICO & AUTOMATIZACION,INTERRUPTORES INDUSTRIALES,11,5.0,125.5,118.5,139.4,0.0,7.0,3.0,0.0,10.0,14.75,15
3SU11020AB401BA0,"pulsador luminoso, 22 mm, redondo, plastico, verde, boton, rasante, momentaneo, con soporte, 1 NA, modulo de LED con LED intgr. 24 V AC/DC, borne de tornillo",2025-07-21,105,EQUI.AUTO.Y CONTROL,EQUIPO ELECTRICO & AUTOMATIZACION,BOTONERIA,11,3.0,27.7,26.1,30.7,0.0,1.0,8.0,0.0,9.0,9.833333333333332,10
3SU11036AA401AA0,"lampara de senalizacion, 22 mm, redondo, plastico, verde, lente, liso, con soporte, modulo de LED con LED intgr. 110 V AC, borne de tornillo",2025-07-21,105,EQUI.AUTO.Y CONTROL,EQUIPO ELECTRICO & AUTOMATIZACION,BOTONERIA,11,5.0,23.5,22.2,26.1,0.0,14.0,5.0,0.0,19.0,7.763157894736842,8
A7B10002264076,"SPD1 tipo 1, externo, 240/120 V monofásico, 3 hilos, 50 kA, neutro a tierra",2025-07-21,105,EQUI.AUTO.Y CONTROL,EQUIPO ELECTRICO & AUTOMATIZACION,OTROS,11,2.0,152.0,143.5,168.8,0.0,2.0,1.0,0.0,3.0,19.666666666666664,20
US2:CQS2100,BREAKER 100A 2 P 480V,2025-07-21,105,EQUI.AUTO.Y CONTROL,,,11,1.0,0.0,0.0,0.0,0.0,0.0,0.0,0.0,0.0,inf,Infinito
3NA3144,"cartucho de fusibles NH, NH1, Entrada: 250 A, gG, Un AC: 500 V, Un DC: 440 V, indicador de fusion superior, orejetas energizadas",2025-07-16,105,EQUI.AUTO.Y CONTROL,EQUIPO ELECTRICO & AUTOMATIZACION,FUSIBLES,11,3.0,25.1,23.7,27.8,0.0,12.0,8.0,2.0,22.0,4.0227272727272725,4
3RT20461AL20,"contactor de potencia, AC-3e/AC-3, 95 A, 45 kW/400 V, tripolar, 230 V AC, 50/60 Hz, contactos auxiliares: 1 NA + 1 NC, borne de tornillo, tamano: S3",2025-07-16,105,EQUI.AUTO.Y CONTROL,EQUIPO ELECTRICO & AUTOMATIZACION,CONTACTORES,11,3.0,355.0,335.3,394.5,0.0,7.0,2.0,1.0,10.0,8.85,9
3RV20214EA10,"Interruptor automatico tamano S0 para proteccion de motores, CLASE 10 Disparador por sobrecarga con retardo segun intensidad 27...32 A Disparador de cortocircuito 400 A borne de tornillo poder",2025-07-16,105,EQUI.AUTO.Y CONTROL,EQUIPO ELECTRICO & AUTOMATIZACION,GUARDAMOTORES,11,3.0,131.0,123.8,145.6,0.0,11.0,7.0,3.0,21.0,4.214285714285714,4
25893,"Caja de mando de 3 posiciones, agujeros de 22mm, EBCHQ",2025-06-30,105,EQUI.AUTO.Y CONTROL,,,11,2.0,48.524507,43.672057,53.376958,0.0,0.0,0.0,0.0,0.0,inf,Infinito
Q3100,"Siemens Low Voltage Interruptores automaticos residenciales Interruptores pequenos termomagneticos Interruptores - Tipo QP/MP 3 polos 240 V AC son protecciones de circuito, redes de centro de",2025-06-30,105,EQUI.AUTO.Y CONTROL,EQUIPO ELECTRICO & AUTOMATIZACION,CENTROS DE CARGA E INTERRUPTORES,11,2.0,53.8,50.8,59.7,0.0,4.0,2.0,0.0,6.0,9.833333333333332,10
3RU21161KB0,"Rele de sobrecarga 9,0...12,5 A termico para proteccion de motores tamano S00, clase 10 para montar en contactor Circuito principal: atornillable circuito auxiliar: atornillable Rearme",2025-06-26,105,EQUI.AUTO.Y CONTROL,EQUIPO ELECTRICO & AUTOMATIZACION,RELES DE PROTECCION,11,2.0,44.9,42.4,49.8,0.0,13.0,2.0,2.0,17.0,3.4705882352941178,3
3VM12255EE320AA0,"interruptor automático 3VM1 IEC frame 250 clase de poder de corte M Icu=55 kA a 415 V, 3 polos, protección de distribuciones TM220, ATFM, In=250 A protección de sobrecarga Ir=175 A...250 A,",2025-06-26,105,EQUI.AUTO.Y CONTROL,EQUIPO ELECTRICO & AUTOMATIZACION,INTERRUPTORES INDUSTRIALES,11,1.0,469.4,443.3,521.6,0.0,1.0,1.0,0.0,2.0,14.75,15
3NA3130,FUSIBLE NH TAMAÑO-1 500V 100 A,2025-06-18,105,EQUI.AUTO.Y CONTROL,,,11,14.0,0.0,0.0,0.0,0.0,0.0,1.0,0.0,1.0,413.0,413
3NA3824,"cartucho de fusibles NH, NH000, Entrada: 80 A, gG, Un AC: 500 V, Un DC: 250 V, indicador de fusion superior, orejetas energizadas",2025-06-18,105,EQUI.AUTO.Y CONTROL,EQUIPO ELECTRICO & AUTOMATIZACION,FUSIBLES,11,12.0,11.1,10.5,12.3,0.0,10.0,18.0,6.0,34.0,10.411764705882353,10
3RU21364FB0,"Rele de sobrecarga 28...40 A termico para proteccion de motores tamano S2, clase 10 para montar en contactor Circuito principal: atornillable circuito auxiliar: atornillable Rearme",2025-06-18,105,EQUI.AUTO.Y CONTROL,EQUIPO ELECTRICO & AUTOMATIZACION,RELES DE PROTECCION,11,3.0,81.3,76.8,90.3,0.0,5.0,1.0,0.0,6.0,14.75,15
6ES72231PL320XB0,"SIMATIC S7-1200, E/S digitales SM 1223, 16 DI/16 DO, 16 DI DC 24V, Sink/Source, 16 DO, rele 2 A",2025-06-18,105,EQUI.AUTO.Y CONTROL,EQUIPO ELECTRICO & AUTOMATIZACION,"PLC, LOGOS & MODULOS",11,5.0,403.2,380.8,448.0,0.0,7.0,3.0,0.0,10.0,14.75,15
A7B93000057173,CAPACITOR 12.5 KVAR 480V PHASECAP,2025-06-18,105,EQUI.AUTO.Y CONTROL,EQUIPO ELECTRICO & AUTOMATIZACION,OTROS,11,1.0,114.0,107.7,126.7,0.0,2.0,7.0,1.0,10.0,2.95,3
MX:B260,Interruptor 60 A 2P 120/240 V 10 K BL  10 K AIC,2025-06-18,105,EQUI.AUTO.Y CONTROL,EQUIPO ELECTRICO & AUTOMATIZACION,CENTROS DE CARGA E INTERRUPTORES,11,6.0,22.7,21.4,25.2,0.0,6.0,3.0,4.0,13.0,13.615384615384617,14
3RP25251AW30,"Rele temporizador, electronico retardado a la excitacion 1 conmutado, 7 rangos de tiempo 0,05 s...100 h, 12-240 V AC/DC con 50/60 Hz AC con LED, conexion por tornillo",2025-05-31,105,EQUI.AUTO.Y CONTROL,EQUIPO ELECTRICO & AUTOMATIZACION,OTROS,11,2.0,84.3,79.6,93.6,0.0,6.0,2.0,0.0,8.0,7.375,7
3RT20261AK60,"contactor de potencia, AC-3e/AC-3, 25 A, 11 kW/400 V, tripolar, 110 V AC, 50 Hz/120 V, 60 Hz, contactos auxiliares: 1 NA + 1 NC, borne de tornillo, tamano: S0",2025-05-31,105,EQUI.AUTO.Y CONTROL,EQUIPO ELECTRICO & AUTOMATIZACION,CONTACTORES,11,1.0,79.6,75.2,88.4,0.0,26.0,8.0,7.0,41.0,0.7195121951219512,1
3RT20351AK60,"contactor de potencia, AC-3e/AC-3, 41 A, 18,5 kW/400 V, tripolar, 110 V AC, 50 Hz/120 V, 60 Hz, contactos auxiliares: 1 NA + 1 NC, borne de tornillo, tamano: S2",2025-05-31,105,EQUI.AUTO.Y CONTROL,EQUIPO ELECTRICO & AUTOMATIZACION,CONTACTORES,11,3.0,133.9,126.4,148.7,0.0,7.0,3.0,0.0,10.0,8.85,9
3SE50000AH00,"cabeza de palanca de rodillo (pedir la palanca por separado) para interruptores de posicion 3SE51/3SF11,para 40/56/56XL mm, Puntos de conmutacion segun EN 50041. La direccion de conmutacion de",2025-05-31,105,EQUI.AUTO.Y CONTROL,EQUIPO ELECTRICO & AUTOMATIZACION,OTROS,11,4.0,27.0,25.5,30.0,0.0,9.0,10.0,0.0,19.0,6.2105263157894735,6
3SU15000AA100AA0,"Soporte, triple, plastico.",2025-05-31,105,EQUI.AUTO.Y CONTROL,EQUIPO ELECTRICO & AUTOMATIZACION,BOTONERIA,11,10.0,2.7,2.5,3.0,0.0,17.0,22.0,7.0,46.0,6.413043478260869,6
5ST1141,"perfil DIN, 35x 27x 7,3x 1,0 mm 2000 mm de largo, sin taladrar galvanizado por método Sendzimir",2025-05-30,105,EQUI.AUTO.Y CONTROL,EQUIPO ELECTRICO & AUTOMATIZACION,OTROS,11,2.0,3.8,3.6,4.2,0.0,2.0,2.0,0.0,4.0,14.75,15
A7B93000015552,CABLE TFF 18,2025-05-28,105,EQUI.AUTO.Y CONTROL,,,11,10.0,0.4,0.3,0.4,0.0,0.0,400.0,0.0,400.0,0.7375,1
MX:B330,"Siemens Low Voltage, var. moldeada, caja de interruptores automaticos. Montaje en tablero de distribucion, 240 V Interruptores automaticos, tipo BL, 3 polos, 240 V AC son circuitos, proteccion;",2025-05-28,105,EQUI.AUTO.Y CONTROL,EQUIPO ELECTRICO & AUTOMATIZACION,CENTROS DE CARGA E INTERRUPTORES,11,4.0,30.3,28.6,33.7,0.0,1.0,0.0,0.0,1.0,118.0,118
MX:B340,Interruptor 40 A 3P 240 V 10 K BL,2025-05-28,105,EQUI.AUTO.Y CONTROL,EQUIPO ELECTRICO & AUTOMATIZACION,CENTROS DE CARGA E INTERRUPTORES,11,5.0,37.8,35.7,42.0,0.0,5.0,6.0,2.0,13.0,11.346153846153847,11
MX:B360,"Siemens Low Voltage, var. moldeada, caja de interruptores automaticos. Montaje en tablero de distribucion, 240 V Interruptores automaticos, tipo BL, 3 polos, 240 V AC son circuitos, proteccion;",2025-05-28,105,EQUI.AUTO.Y CONTROL,EQUIPO ELECTRICO & AUTOMATIZACION,CENTROS DE CARGA E INTERRUPTORES,11,3.0,67.7,63.9,75.2,0.0,3.0,3.0,1.0,7.0,12.642857142857142,13
6ED10551FB100BA2,"Modulo ampl. LOGO! DM16 230R, FA/E/S: 230V/230V/rele, 4 TE, 8 DI/8 DO para LOGO! 8",2025-05-21,105,EQUI.AUTO.Y CONTROL,EQUIPO ELECTRICO & AUTOMATIZACION,"PLC, LOGOS & MODULOS",11,2.0,150.2,141.9,166.9,0.0,1.0,4.0,0.0,5.0,11.8,12
5SL63207CC,"Automato magnetotermico 400 V 6 kA, tripolar, C, 20 A",2025-05-16,105,EQUI.AUTO.Y CONTROL,EQUIPO ELECTRICO & AUTOMATIZACION,AUTOMATOS,11,10.0,22.7,21.4,25.2,0.0,6.0,16.0,2.0,24.0,12.291666666666668,12
5SL63327CC,"Automato magnetotermico 400 V 6 kA, tripolar, C, 32 A",2025-05-16,105,EQUI.AUTO.Y CONTROL,EQUIPO ELECTRICO & AUTOMATIZACION,AUTOMATOS,11,7.0,22.8,21.6,25.4,0.0,12.0,36.0,2.0,50.0,4.130000000000001,4
6EP33326SB000AY0,"LOGO!POWER 24 V/2,5 A fuente de alimentacion estabilizada entrada: 100-240 V AC salida: 24 V DC/2,5 A",2025-05-16,105,EQUI.AUTO.Y CONTROL,EQUIPO ELECTRICO & AUTOMATIZACION,"PLC, LOGOS & MODULOS",11,7.0,86.0,81.2,95.5,0.0,23.0,13.0,3.0,39.0,5.294871794871795,5
6XV18703QH20,"Industrial Ethernet TP Cord RJ45/RJ45, Cat 6A, cable de par trenzado 4 × 2, confeccionado con 2 conectores RJ45, longitud 2 m",2025-05-16,105,EQUI.AUTO.Y CONTROL,EQUIPO ELECTRICO & AUTOMATIZACION,OTROS,11,1.0,67.0,63.3,74.4,0.0,5.0,2.0,0.0,7.0,4.214285714285714,4
6ES72720AA300YA1,"*** repuesto *** SIMATIC S7, visualizador de textos TD 200 para S7-200, de 2 líneas, con cable (2,5 m) y accesorios de montaje, configuración con STEP 7-Micro/WIN sin homologación ATEX",2025-04-25,105,EQUI.AUTO.Y CONTROL,EQUIPO ELECTRICO & AUTOMATIZACION,"PLC, LOGOS & MODULOS",11,1.0,920.0,868.9,1022.2,0.0,1.0,0.0,0.0,1.0,29.5,30
MX:B120,Interruptor 20 A 1P 120 V 10 K BL SIEMENS,2025-04-09,105,EQUI.AUTO.Y CONTROL,EQUIPO ELECTRICO & AUTOMATIZACION,CENTROS DE CARGA E INTERRUPTORES,11,4.0,9.8,9.3,10.9,0.0,4.0,9.0,13.0,26.0,4.538461538461538,5
6AV21240GC010AX0,"SIMATIC HMI TP700 Comfort, Comfort Panel, mando tactil, pantalla panoramica TFT 7'', 16 millones de colores, interfaz PROFINET, interfaz MPI/PROFIBUS DP, memoria de configuracion de 12 MB,",2025-04-04,105,EQUI.AUTO.Y CONTROL,EQUIPO ELECTRICO & AUTOMATIZACION,PANTALLAS HMI,11,1.0,1884.6,1779.9,2094.0,0.0,6.0,2.0,1.0,9.0,3.2777777777777777,3
3RT20251AL20,"contactor de potencia, AC-3e/AC-3, 17 A, 7,5 kW/400 V, tripolar, 230 V AC, 50/60 Hz, contactos auxiliares: 1 NA + 1 NC, borne de tornillo, tamano: S0",2025-04-02,105,EQUI.AUTO.Y CONTROL,EQUIPO ELECTRICO & AUTOMATIZACION,CONTACTORES,11,4.0,58.1,54.8,64.5,0.0,43.0,9.0,10.0,62.0,1.9032258064516128,2
3RV20314UA10,"Interruptor automatico tamano S2 para proteccion de motores, CLASE 10 Disparador por sobrecarga con retardo segun intensidad 32...40 A Disparador de cortocircuito 585 A borne de tornillo poder",2025-04-02,105,EQUI.AUTO.Y CONTROL,EQUIPO ELECTRICO & AUTOMATIZACION,GUARDAMOTORES,11,3.0,209.7,198.0,233.0,0.0,7.0,1.0,1.0,9.0,9.833333333333332,10
MX:B250,Interruptor 50 A 2P 120/240 V 10 K  BL10 K AIC,2025-04-01,105,EQUI.AUTO.Y CONTROL,EQUIPO ELECTRICO & AUTOMATIZACION,CENTROS DE CARGA E INTERRUPTORES,11,6.0,18.9,17.8,21.0,0.0,3.0,13.0,2.0,18.0,9.833333333333332,10
US2:FXD63B225L,"Interruptor FD 3P 225 A 600 V 22 kA, terminales FX",2025-04-01,105,EQUI.AUTO.Y CONTROL,EQUIPO ELECTRICO & AUTOMATIZACION,INTERRUPTORES INDUSTRIALES,11,1.0,532.1,502.5,591.2,0.0,1.0,1.0,0.0,2.0,14.75,15
3SU11060AB201CA0,"pulsador luminoso, 22 mm, redondo, plastico, rojo, boton, rasante, momentaneo, con soporte, 1NC, modulo de LED con LED intgr. 230 V AC, borne de tornillo",2025-03-21,105,EQUI.AUTO.Y CONTROL,EQUIPO ELECTRICO & AUTOMATIZACION,BOTONERIA,11,5.0,30.8,29.1,34.3,0.0,32.0,5.0,0.0,37.0,3.986486486486487,4
A7B93000018009,CAPACITOR 12.5 KVAR 230V PHASECAP,2025-03-21,105,EQUI.AUTO.Y CONTROL,EQUIPO ELECTRICO & AUTOMATIZACION,OTROS,11,2.0,153.5,145.0,170.5,0.0,6.0,1.0,1.0,8.0,7.375,7
3RT20261AC20,"contactor de potencia, AC-3e/AC-3, 25 A, 11 kW/400 V, tripolar, 24 V AC, 50/60 Hz, contactos auxiliares: 1 NA + 1 NC, borne de tornillo, tamano: S0",2025-03-19,105,EQUI.AUTO.Y CONTROL,EQUIPO ELECTRICO & AUTOMATIZACION,CONTACTORES,11,3.0,77.8,73.5,86.5,0.0,19.0,9.0,1.0,29.0,3.0517241379310343,3
3RU21364GB0,"Rele de sobrecarga 36...45 A termico para proteccion de motores tamano S2, clase 10 para montar en contactor Circuito principal: atornillable circuito auxiliar: atornillable Rearme",2025-03-19,105,EQUI.AUTO.Y CONTROL,EQUIPO ELECTRICO & AUTOMATIZACION,RELES DE PROTECCION,11,1.0,92.9,87.8,103.3,0.0,2.0,2.0,0.0,4.0,7.375,7
3RV20111DA10,"Interruptor automatico tamano S00 para proteccion de motores, CLASE 10 Disparador por sobrecarga con retardo segun intensidad 2,2...3,2 A Disparador de cortocircuito 42 A borne de tornillo poder",2025-03-19,105,EQUI.AUTO.Y CONTROL,EQUIPO ELECTRICO & AUTOMATIZACION,GUARDAMOTORES,11,6.0,70.5,66.6,78.3,0.0,9.0,1.0,1.0,11.0,16.09090909090909,16
3RV20110HA10,"Interruptor automático tamaño S00 para protección de motores, CLASE 10 Disparador por sobrecarga con retardo según intensidad 0,55...0,8 A Disparador de cortocircuito 10 A borne de tornillo",2025-03-10,105,EQUI.AUTO.Y CONTROL,EQUIPO ELECTRICO & AUTOMATIZACION,GUARDAMOTORES,11,4.0,64.9,61.3,72.1,0.0,4.0,2.0,3.0,9.0,13.11111111111111,13
3RT20171AK61,"contactor de potencia, AC-3e/AC-3, 12 A, 5,5 kW/400 V, tripolar, 110 V AC, 50 Hz/120 V, 60 Hz, contactos auxiliares: 1 NA, borne de tornillo, tamano: S00",2025-03-07,105,EQUI.AUTO.Y CONTROL,EQUIPO ELECTRICO & AUTOMATIZACION,CONTACTORES,11,7.0,41.9,39.5,46.5,0.0,36.0,3.0,0.0,39.0,5.294871794871795,5
3SU11066AA301AA0,"lampara de senalizacion, 22 mm, redondo, plastico, amarillo, lente, liso, con soporte, Modulo LED, con LED intgr. 230 V AC, borne de tornillo",2025-02-18,105,EQUI.AUTO.Y CONTROL,EQUIPO ELECTRICO & AUTOMATIZACION,BOTONERIA,11,1.0,23.5,22.2,26.1,0.0,0.0,4.0,1.0,5.0,5.9,6
3RA2934-2B,"enclavamiento mecánico para combinaciones de contactores, para contactores 3RT203, 3RT204",2025-02-12,105,EQUI.AUTO.Y CONTROL,EQUIPO ELECTRICO & AUTOMATIZACION,OTROS,15,2.0,8.8,8.3,7.0,0.0,0.0,0.0,0.0,0.0,inf,Infinito
6ES72141AG400XB0,"SIMATIC S7-1200, CPU 1214C, CPU compacta, DC/DC/DC, E/S integradas: 14 DI 24 V DC; 10 DO 24 V DC; 2 AI 0-10 V DC, alimentacion: DC 20,4-28,8 V DC, memoria de programas/datos 150 KB",2025-02-10,105,EQUI.AUTO.Y CONTROL,EQUIPO ELECTRICO & AUTOMATIZACION,"PLC, LOGOS & MODULOS",11,1.0,629.3,594.4,699.3,0.0,3.0,4.0,0.0,7.0,4.214285714285714,4
3RU21264EB0,"Rele de sobrecarga 27...32 A termico para proteccion de motores tamano S0, clase 10 para montar en contactor Circuito principal: atornillable circuito auxiliar: atornillable Rearme",2025-01-22,105,EQUI.AUTO.Y CONTROL,EQUIPO ELECTRICO & AUTOMATIZACION,RELES DE PROTECCION,11,9.0,71.7,67.7,79.6,0.0,2.0,1.0,1.0,4.0,66.375,66
6SL32105BB222UV1,"SINAMICS V20 200-240 V 1 AC –15/+10% 47-63 Hz 2,2 kW con 150% de sobrecarga durante 60 s sin filtro E/S: 4 DI, 2 DQ, 2 AI, 1 AO bus de campo: USS/Modbus con panel de operador básico integrado",2025-01-20,105,EQUI.AUTO.Y CONTROL,EQUIPO ELECTRICO & AUTOMATIZACION,VARIADORES,11,3.0,352.0,332.4,391.1,0.0,9.0,1.0,2.0,12.0,7.375,7
6EP13332BA20,SITOP PSU100S 24 V/5 A fuente de alimentación estabilizada entrada: 120/230 V AC salida: 24 V DC/5 A,2025-01-16,105,EQUI.AUTO.Y CONTROL,EQUIPO ELECTRICO & AUTOMATIZACION,"PLC, LOGOS & MODULOS",11,3.0,183.6,173.4,203.9,0.0,14.0,5.0,1.0,20.0,4.425,4
6SL32101PC254UL0,"SINAMICS G120 POWER MODULE PM240-2 SIN FILTRO CON FRENO CHOPPER INTEGRADO 3AC200-240V +10/-20% 47-63HZ POTENC. SOBRECARGA ALTA: 11KW CON 200% 3S,150% 57S,100% 240S TEMP. AMBI. -20 BIS +50 GRD C",2025-01-16,105,EQUI.AUTO.Y CONTROL,EQUIPO ELECTRICO & AUTOMATIZACION,VARIADORES,11,1.0,3653.0,3450.1,4058.9,0.0,1.0,0.0,0.0,1.0,29.5,30
6ED10521CC080BA2,"LOGO! 24CE, módulo lógico, display FA/E/S: 24 V/24 V/24 V trans., 8 DI (4 AI)/4 DO, mem. 400 bloques, posibilidad de ampliación modular, Ethernet servidor web integrado, Datalog, páginas web",2025-01-14,105,EQUI.AUTO.Y CONTROL,EQUIPO ELECTRICO & AUTOMATIZACION,"PLC, LOGOS & MODULOS",11,4.0,195.0,184.2,216.7,0.0,6.0,1.0,0.0,7.0,16.857142857142858,17
3RT20151AB01,"contactor de potencia, AC-3e/AC-3, 7 A, 3 kW/400 V, tripolar, 24 V AC, 50/60 Hz, contactos auxiliares: 1 NA, borne de tornillo, tamano: S00",2025-01-08,105,EQUI.AUTO.Y CONTROL,EQUIPO ELECTRICO & AUTOMATIZACION,CONTACTORES,11,2.0,43.5,41.1,48.3,0.0,3.0,0.0,0.0,3.0,19.666666666666664,20
3RT20161AB01,"contactor de potencia, AC-3e/AC-3, 9 A, 4 kW/400 V, tripolar, 24 V AC, 50/60 Hz, contactos auxiliares: 1 NA, borne de tornillo, tamano: S00",2025-01-08,105,EQUI.AUTO.Y CONTROL,EQUIPO ELECTRICO & AUTOMATIZACION,CONTACTORES,11,2.0,33.9,32.0,37.6,0.0,12.0,2.0,1.0,15.0,3.933333333333333,4
3RT20251AK60,"contactor de potencia, AC-3e/AC-3, 17 A, 7,5 kW/400 V, tripolar, 110 V AC, 50 Hz/120 V, 60 Hz, contactos auxiliares: 1 NA + 1 NC, borne de tornillo, tamano: S0",2025-01-08,105,EQUI.AUTO.Y CONTROL,EQUIPO ELECTRICO & AUTOMATIZACION,CONTACTORES,11,3.0,60.1,56.8,66.8,0.0,12.0,1.0,0.0,13.0,6.807692307692308,7
3RU21264DB0,"Rele de sobrecarga 20...25 A termico para proteccion de motores tamano S0, clase 10 para montar en contactor Circuito principal: atornillable circuito auxiliar: atornillable Rearme",2024-12-18,105,EQUI.AUTO.Y CONTROL,EQUIPO ELECTRICO & AUTOMATIZACION,RELES DE PROTECCION,11,1.0,49.2,46.5,54.7,0.0,5.0,2.0,0.0,7.0,4.214285714285714,4
3RU21364EB0,"Rele de sobrecarga 22...32 A termico para proteccion de motores tamano S2, clase 10 para montar en contactor Circuito principal: atornillable circuito auxiliar: atornillable Rearme",2024-12-18,105,EQUI.AUTO.Y CONTROL,EQUIPO ELECTRICO & AUTOMATIZACION,RELES DE PROTECCION,11,4.0,80.7,76.2,89.7,0.0,1.0,0.0,0.0,1.0,118.0,118
3RU29363AA01,soporte para instalación independiente para 3RU21/3RB30/3RB31/3RR2 Tamaño S2 instalación independiente circuito principal: atornillable,2024-12-14,105,EQUI.AUTO.Y CONTROL,EQUIPO ELECTRICO & AUTOMATIZACION,RELES DE PROTECCION,11,2.0,13.6,12.8,15.1,0.0,1.0,0.0,0.0,1.0,59.0,59
3SU10022BF100AA0,"Selector iluminable, 22 mm, redondo, plástico, negro, muletilla corta, 2 posiciones O-I, sostenido, ángulo de maniobra 90°, 10:30h/13:30 h",2024-12-14,105,EQUI.AUTO.Y CONTROL,EQUIPO ELECTRICO & AUTOMATIZACION,BOTONERIA,11,8.0,22.4,21.2,24.9,0.0,1.0,5.0,0.0,6.0,39.33333333333333,39
5SL61047CC,"Automato magnetotermico 230/400 V 6 kA, 1 polo, C, 4 A",2024-12-14,105,EQUI.AUTO.Y CONTROL,EQUIPO ELECTRICO & AUTOMATIZACION,AUTOMATOS,11,4.0,11.9,11.3,13.2,0.0,16.0,0.0,3.0,19.0,6.2105263157894735,6
Q290,"Siemens Low Voltage Interruptores automáticos residenciales Interruptores pequeños termomagnéticos Interruptores - Tipo QP/MP 2 polos 120/240 V AC son circuitos, redes de centro de carga de",2024-12-14,105,EQUI.AUTO.Y CONTROL,EQUIPO ELECTRICO & AUTOMATIZACION,CENTROS DE CARGA E INTERRUPTORES,11,1.0,25.5,24.1,28.4,0.0,24.0,4.0,0.0,28.0,1.0535714285714286,1
3RT20251AC20,"contactor de potencia, AC-3e/AC-3, 17 A, 7,5 kW/400 V, tripolar, 24 V AC, 50/60 Hz, contactos auxiliares: 1 NA + 1 NC, borne de tornillo, tamano: S0",2024-12-11,105,EQUI.AUTO.Y CONTROL,EQUIPO ELECTRICO & AUTOMATIZACION,CONTACTORES,11,1.0,59.0,55.7,65.5,0.0,2.0,4.0,0.0,6.0,4.916666666666666,5
3RT20361AK60,"contactor de potencia, AC-3e/AC-3, 51 A, 22 kW/400 V, tripolar, 110 V AC, 50 Hz/120 V, 60 Hz, contactos auxiliares: 1 NA + 1 NC, borne de tornillo, tamano: S2",2024-12-09,105,EQUI.AUTO.Y CONTROL,EQUIPO ELECTRICO & AUTOMATIZACION,CONTACTORES,11,1.0,169.7,160.3,188.6,0.0,9.0,0.0,1.0,10.0,2.95,3
3RU21364QB0,"Rele de sobrecarga 47...57 A termico para proteccion de motores tamano S2, clase 10 para montar en contactor Circuito principal: atornillable circuito auxiliar: atornillable Rearme",2024-12-09,105,EQUI.AUTO.Y CONTROL,EQUIPO ELECTRICO & AUTOMATIZACION,RELES DE PROTECCION,11,2.0,111.5,105.3,123.9,0.0,0.0,0.0,0.0,0.0,inf,Infinito
6SL32440BB121PA1,"SINAMICS G120 CONTROL UNIT CU240E-2 DP TIPO E SAFETY INTEGRATED STO PROFIBUS DP 6DI, 3DO, 2AI, 2AO, MAX 1F-DI INTERFAZ PTC/KTY INTERFAZ USB- Y SD/MMC GRADO DE PROTECCION IP20 TEMP. AMBI. 0 HASTA",2024-12-09,105,EQUI.AUTO.Y CONTROL,EQUIPO ELECTRICO & AUTOMATIZACION,VARIADORES,11,3.0,401.9,379.6,446.6,0.0,8.0,0.0,0.0,8.0,11.0625,11
Q215,"Interruptor 15 A, 2P, 120/240 V, 10K  QP10 KAIC Siemens",2024-12-01,105,EQUI.AUTO.Y CONTROL,EQUIPO ELECTRICO & AUTOMATIZACION,CENTROS DE CARGA E INTERRUPTORES,11,1.0,11.5,10.9,12.8,0.0,106.0,1.0,0.0,107.0,0.2757009345794392,0
3SU11060AB401BA0,"pulsador luminoso, 22 mm, redondo, plastico, verde, boton, rasante, momentaneo, con soporte, 1 NA, modulo de LED con LED intgr. 230 V AC, borne de tornillo",2024-11-26,105,EQUI.AUTO.Y CONTROL,EQUIPO ELECTRICO & AUTOMATIZACION,BOTONERIA,11,5.0,32.9,31.0,36.5,0.0,44.0,9.0,0.0,53.0,2.7830188679245285,3
3SU11066AA401AA0,"lampara de senalizacion, 22 mm, redondo, plastico, verde, lente, liso, con soporte, Modulo LED, con LED intgr. 230 V AC, borne de tornillo",2024-11-26,105,EQUI.AUTO.Y CONTROL,EQUIPO ELECTRICO & AUTOMATIZACION,BOTONERIA,11,2.0,23.8,22.5,26.4,0.0,12.0,10.0,3.0,25.0,2.36,2
Q220,"Interruptor 20 A, 2P, 120/240 V, 10K  QP10 KAIC Siemens",2024-11-26,105,EQUI.AUTO.Y CONTROL,EQUIPO ELECTRICO & AUTOMATIZACION,CENTROS DE CARGA E INTERRUPTORES,11,36.0,13.5,12.8,15.0,0.0,23.0,0.0,0.0,23.0,46.173913043478265,46
3NE12270,"Cartucho de fusibles SITOR, con contactos de cuchilla, NH1, Entrada: 250 A, gS, Un AC: 690 V, Un DC: 250 V, indicador de fusion superior",2024-11-20,105,EQUI.AUTO.Y CONTROL,EQUIPO ELECTRICO & AUTOMATIZACION,FUSIBLES,11,2.0,109.8,103.7,122.0,0.0,7.0,0.0,0.0,7.0,8.428571428571429,8
5ST3010,"bloque de contactos auxiliares 1 NA + 1 NC para automático magnetotérmico 5SL, 5SY, 5SP interruptor incorporado 5TL1, interruptor dif./aut. 5SU1, interruptor diferencial 5SV (con 5SU1 se",2024-11-08,105,EQUI.AUTO.Y CONTROL,EQUIPO ELECTRICO & AUTOMATIZACION,OTROS,11,6.0,24.8,23.4,27.5,0.0,16.0,1.0,0.0,17.0,10.411764705882353,10
3NA3260,"cartucho de fusibles NH, NH2, Entrada: 400 A, gG, Un AC: 500 V, Un DC: 440 V, indicador de fusion superior, orejetas energizadas",2024-10-21,105,EQUI.AUTO.Y CONTROL,EQUIPO ELECTRICO & AUTOMATIZACION,FUSIBLES,11,3.0,35.0,33.1,38.9,0.0,3.0,0.0,0.0,3.0,29.5,30
3SU11036AA201AA0,"lampara de senalizacion, 22 mm, redondo, plastico, rojo, lente, liso, con soporte, modulo de LED con LED intgr. 110 V AC, borne de tornillo",2024-10-21,105,EQUI.AUTO.Y CONTROL,EQUIPO ELECTRICO & AUTOMATIZACION,BOTONERIA,11,3.0,22.9,21.6,25.4,0.0,2.0,0.0,0.0,2.0,44.25,44
AE34145,TERMINAL OJO ROJO 22-16,2024-09-12,105,EQUI.AUTO.Y CONTROL,,,11,200.0,0.1,0.1,0.1,0.0,100.0,0.0,0.0,100.0,59.0,59
CAB.09.151,TERMINAL TIPO Y ROJO 16-22,2024-09-12,105,EQUI.AUTO.Y CONTROL,,,11,100.0,0.1,0.1,0.1,0.0,100.0,0.0,0.0,100.0,29.5,30
5SV0200,CAJA TIPO SV2 60X40X25CM,2024-09-02,105,EQUI.AUTO.Y CONTROL,,,11,1.0,195.0,184.2,216.7,0.0,1.0,0.0,0.0,1.0,29.5,30
5SL61067CC,"Automato magnetotermico 230/400 V 6 kA, 1 polo, C, 6 A",2024-09-01,105,EQUI.AUTO.Y CONTROL,EQUIPO ELECTRICO & AUTOMATIZACION,AUTOMATOS,11,20.0,11.8,11.1,13.1,0.0,8.0,1.0,11.0,20.0,29.5,30
3RT20151AK61,"contactor de potencia, AC-3e/AC-3, 7 A, 3 kW/400 V, tripolar, 110 V AC, 50 Hz/120 V, 60 Hz, contactos auxiliares: 1 NA, borne de tornillo, tamano: S00",2024-08-13,105,EQUI.AUTO.Y CONTROL,EQUIPO ELECTRICO & AUTOMATIZACION,CONTACTORES,11,1.0,32.0,30.2,35.5,0.0,6.0,1.0,0.0,7.0,4.214285714285714,4
3RV20414HA10,"Interruptor automatico tamano S3 para proteccion de motores, CLASE 10 disparador por sobrecarga con retardo segun intensidad 36...50 A Disparador de cortocircuito 650 A borne de tornillo poder",2024-08-09,105,EQUI.AUTO.Y CONTROL,EQUIPO ELECTRICO & AUTOMATIZACION,GUARDAMOTORES,11,2.0,283.0,267.0,315.0,0.0,0.0,0.0,0.0,0.0,inf,Infinito
6SL32101PC242UL0,"SINAMICS G120 POWER MODULE PM240-2 SIN FILTRO CON FRENO CHOPPER INTEGRADO 3AC200-240V +10/-20% 47-63HZ POTENC. SOBRECARGA ALTA: 7,5KW CON 200% 3S,150% 57S,100% 240S TEMP. AMBI. -20 BIS +50 GRD C",2024-08-07,105,EQUI.AUTO.Y CONTROL,EQUIPO ELECTRICO & AUTOMATIZACION,VARIADORES,11,1.0,1831.0,1729.3,2034.4,0.0,1.0,0.0,0.0,1.0,29.5,30
3NA3812,"cartucho de fusibles NH, NH000, Entrada: 32 A, gG, Un AC: 500 V, Un DC: 250 V, indicador de fusion superior, orejetas energizadas",2024-07-18,105,EQUI.AUTO.Y CONTROL,EQUIPO ELECTRICO & AUTOMATIZACION,FUSIBLES,11,13.0,9.9,9.4,11.0,0.0,39.0,3.0,0.0,42.0,9.130952380952381,9
8WH10000AG00,"borne, conexión por tornillo, borne de paso, 4 mm², gris",2024-07-18,105,EQUI.AUTO.Y CONTROL,EQUIPO ELECTRICO & AUTOMATIZACION,OTROS,11,64.0,1.8,1.7,2.0,0.0,160.0,2.0,24.0,186.0,10.150537634408604,10
ACS35503E07A52-IP66,"VARIADOR DE FRECUENCIA ABB, 1.5KW, 200/240V, IP66",2024-07-15,105,EQUI.AUTO.Y CONTROL,,,15,1.0,450.0,425.0,500.0,0.0,1.0,0.0,0.0,1.0,29.5,30
TCZ-230,SIRENA MOTOR 220VAC,2024-07-10,105,EQUI.AUTO.Y CONTROL,,,11,1.0,28.6,27.0,31.8,0.0,0.0,0.0,0.0,0.0,inf,Infinito
3RT10566AP36,"contactor de potencia, AC-3e/AC-3 185 A, 90 kW/400 V AC (50-60 Hz)/DC Uc:  220-240 V tripolar, contactos auxiliares 2 NA + 2 NC accionamiento: convencional circuito ppal.: barra circuito de",2024-07-08,105,EQUI.AUTO.Y CONTROL,EQUIPO ELECTRICO & AUTOMATIZACION,CONTACTORES,11,1.0,675.3,637.8,750.4,0.0,3.0,1.0,1.0,5.0,5.9,6
3RT20241AC20,"contactor de potencia, AC-3e/AC-3, 12 A, 5,5 kW/400 V, tripolar, 24 V AC, 50/60 Hz, contactos auxiliares: 1 NA + 1 NC, borne de tornillo, tamano: S0",2024-07-04,105,EQUI.AUTO.Y CONTROL,EQUIPO ELECTRICO & AUTOMATIZACION,CONTACTORES,11,5.0,63.7,60.1,70.8,0.0,4.0,0.0,0.0,4.0,36.875,37
3RU21160JB0,"Rele de sobrecarga 0,70...1,0 A termico para proteccion de motores tamano S00, clase 10 para montar en contactor Circuito principal: atornillable circuito auxiliar: atornillable Rearme",2024-07-04,105,EQUI.AUTO.Y CONTROL,EQUIPO ELECTRICO & AUTOMATIZACION,RELES DE PROTECCION,11,1.0,47.7,45.0,53.0,0.0,2.0,0.0,0.0,2.0,14.75,15
Q370,"Siemens Low Voltage Interruptores automáticos residenciales Interruptores pequeños termomagnéticos Interruptores - Tipo QP/MP 3 polos 240 V AC son protecciones de circuito, redes de centro",2024-07-04,105,EQUI.AUTO.Y CONTROL,EQUIPO ELECTRICO & AUTOMATIZACION,CENTROS DE CARGA E INTERRUPTORES,11,1.0,53.2,50.2,59.1,0.0,3.0,0.0,0.0,3.0,9.833333333333332,10
3NE14360,"Cartucho de fusibles SITOR, con contactos de cuchilla, NH3, Entrada: 630 A, gS, Un AC: 690 V, Un DC: 440 V, indicador de fusion superior",2024-07-01,105,EQUI.AUTO.Y CONTROL,EQUIPO ELECTRICO & AUTOMATIZACION,FUSIBLES,11,6.0,221.0,209.0,246.0,0.0,0.0,0.0,0.0,0.0,inf,Infinito
3SU12002PR101AA0,"potenciómetro, compacto, 22 mm, redondo, plástico, negro, 4,7k Ohm, con soporte, borne de tornillo",2024-06-28,105,EQUI.AUTO.Y CONTROL,EQUIPO ELECTRICO & AUTOMATIZACION,BOTONERIA,11,1.0,90.0,85.0,100.0,0.0,2.0,0.0,0.0,2.0,14.75,15
8WH10000AH00,"borne, conexión por tornillo, borne de paso, 6 mm², gris",2024-06-26,105,EQUI.AUTO.Y CONTROL,EQUIPO ELECTRICO & AUTOMATIZACION,OTROS,11,128.0,2.4,2.3,2.7,0.0,46.0,26.0,50.0,122.0,30.95081967213115,31
5SL61327CC,"Automato2 magnetotermico 230/400 V 6 kA, 1 polo, C, 32 A",2024-06-13,105,EQUI.AUTO.Y CONTROL,EQUIPO ELECTRICO & AUTOMATIZACION,AUTOMATOS,11,12.0,7.3,6.9,8.15,0.0,5.0,0.0,0.0,5.0,70.8,71
MX:B370,"Siemens Low Voltage, var. moldeada, caja de interruptores automaticos. Montaje en tablero de distribucion, 240 V Interruptores automaticos, tipo BL, 3 polos, 240 V AC son circuitos, proteccion;",2024-06-13,105,EQUI.AUTO.Y CONTROL,EQUIPO ELECTRICO & AUTOMATIZACION,CENTROS DE CARGA E INTERRUPTORES,11,1.0,61.8,58.3,68.6,0.0,6.0,2.0,0.0,8.0,3.6875,4
Q2020,"Siemens Low Voltage Interruptores automaticos residenciales Interruptores pequenos termomagneticos Interruptores - duplex, triplex, cuadruplex son circuitos, redes de centro de carga de",2024-06-13,105,EQUI.AUTO.Y CONTROL,EQUIPO ELECTRICO & AUTOMATIZACION,CENTROS DE CARGA E INTERRUPTORES,11,2.0,11.6,11.0,12.9,0.0,10.0,0.0,0.0,10.0,5.9,6
3RV20214NA10,"Interruptor automatico tamano S0 para proteccion de motores, CLASE 10 Disparador por sobrecarga con retardo segun intensidad 23...28 A Disparador de cortocircuito 364 A borne de tornillo poder",2024-06-12,105,EQUI.AUTO.Y CONTROL,EQUIPO ELECTRICO & AUTOMATIZACION,GUARDAMOTORES,11,2.0,124.3,117.4,138.1,0.0,3.0,0.0,0.0,3.0,19.666666666666664,20
5SL62507CC,"Automático magnetotérmico 400V 6kA, 2 polos, C, 50A Interruptor automático 400V 6kA, 2 polos, C, 50A",2024-06-06,105,EQUI.AUTO.Y CONTROL,EQUIPO ELECTRICO & AUTOMATIZACION,AUTOMATOS,11,3.0,16.6,15.6,18.4,0.0,2.0,1.0,0.0,3.0,29.5,30
3RT29161BB00,"limitador de sobretensión, varistor, 24-48 V AC, 50/60 Hz, 24-70 V DC, para contactores 3RT2.1 y contactores auxiliares 3RH2",2024-05-23,105,EQUI.AUTO.Y CONTROL,EQUIPO ELECTRICO & AUTOMATIZACION,CONTACTORES,11,10.0,19.6,18.5,21.8,0.0,9.0,1.0,0.0,10.0,29.5,30
5SL61027CC,"Automato magnetotermico 230/400 V 6 kA, 1 polo, C, 2 A",2024-05-03,105,EQUI.AUTO.Y CONTROL,EQUIPO ELECTRICO & AUTOMATIZACION,AUTOMATOS,11,6.0,11.3,10.7,12.6,0.0,8.0,1.0,0.0,9.0,19.666666666666664,20
3SU11036-AA301AA0,"lampara de senalizacion, 22 mm, redondo, plastico, amarillo, lente, liso, con soporte, modulo de LED con LED intgr. 110 V AC, borne de tornillo",2024-05-01,105,EQUI.AUTO.Y CONTROL,EQUIPO ELECTRICO & AUTOMATIZACION,BOTONERIA,11,5.0,23.0,21.75,25.55,0.0,0.0,0.0,0.0,0.0,inf,Infinito
5SL62047CC,"Automato magnetotermico 400 V 6 kA, 2 polos, C, 4 A",2024-05-01,105,EQUI.AUTO.Y CONTROL,EQUIPO ELECTRICO & AUTOMATIZACION,AUTOMATOS,11,7.0,22.1,20.8,24.5,0.0,7.0,3.0,4.0,14.0,14.75,15
3RW40361BB04,SIRIUS SOFT STARTER 45A S2 24V,2024-04-30,105,EQUI.AUTO.Y CONTROL,,,11,1.0,2380.1,2247.8,2644.5,0.0,0.0,0.0,0.0,0.0,inf,Infinito
WDR-120-24,"FUENTE ALIMENTACION, ENT 180-550 VAC - SAL 24VDC/5A, MEAN WELL",2024-04-25,105,EQUI.AUTO.Y CONTROL,,,11,1.0,160.5,151.6,178.3,0.0,3.0,1.0,0.0,4.0,7.375,7
3RV20110KA20,"GUARDAMOTOR 0.9-1.25 A , S00",2024-04-19,105,EQUI.AUTO.Y CONTROL,,,11,7.0,0.0,0.0,0.0,0.0,0.0,0.0,0.0,0.0,inf,Infinito
TQMH000,ADAPTADOR P/MAIN THQL MAX 125A,2024-04-17,105,EQUI.AUTO.Y CONTROL,,,11,46.0,20.5,19.4,22.8,0.0,54.0,0.0,0.0,54.0,25.12962962962963,25
3NP11531DA10,"SENTRON, fusible-interruptor-seccionador 3NP1, 3 polos, NH2, 400 A, para Montaje e instalación en placa de montaje, conexión plana, Plano de cubierta 70 mm",2024-03-19,105,EQUI.AUTO.Y CONTROL,EQUIPO ELECTRICO & AUTOMATIZACION,FUSIBLES,11,1.0,380.3,359.2,422.6,0.0,1.0,0.0,0.0,1.0,29.5,30
3RA2912-2H,Conectores mecánicos Enclavamiento lateral para contactor 3RT2.1 compuesto por 2 conectores y 1 inducido para 1 combinación,2024-03-01,105,EQUI.AUTO.Y CONTROL,EQUIPO ELECTRICO & AUTOMATIZACION,OTROS,11,13.0,3.3,3.2,3.7,0.0,4.0,2.0,0.0,6.0,63.916666666666664,64
6ED10521HB080BA1,"LOGO! 24RCE, modulo logico,display FA/E/S: 24 V AC/DC 24 V/rele, 8 DI/4 DO, mem. 400 bloques, posibilidad de ampliacion modular, Ethernet, servidor web integrado, Datalog, paginas web",2024-02-16,105,EQUI.AUTO.Y CONTROL,EQUIPO ELECTRICO & AUTOMATIZACION,"PLC, LOGOS & MODULOS",11,2.0,191.0,180.4,212.2,0.0,8.0,0.0,0.0,8.0,7.375,7
A7B93000017780,TRANSFORMADOR INTENSIDAD 400,2024-02-08,105,EQUI.AUTO.Y CONTROL,,,11,3.0,200.0,188.9,222.2,0.0,0.0,0.0,0.0,0.0,inf,Infinito
3RU21161AB0,"Rele de sobrecarga 1,1...1,6 A termico para proteccion de motores tamano S00, clase 10 para montar en contactor Circuito principal: atornillable circuito auxiliar: atornillable Rearme",2024-02-07,105,EQUI.AUTO.Y CONTROL,EQUIPO ELECTRICO & AUTOMATIZACION,RELES DE PROTECCION,15,1.0,44.5,42.0,49.4,0.0,0.0,0.0,1.0,1.0,29.5,30
PU1228GF,TOMA DOBLE POLARIZADO GFCI 15A BLANCO,2024-02-02,105,EQUI.AUTO.Y CONTROL,,,11,2.0,29.2,27.6,32.4,0.0,3.0,0.0,0.0,3.0,19.666666666666664,20
US2:BQD320,Interruptor BQD 3P 20 A 480 V AC 14 kA,2024-02-02,105,EQUI.AUTO.Y CONTROL,EQUIPO ELECTRICO & AUTOMATIZACION,INTERRUPTORES INDUSTRIALES,11,4.0,92.2,87.1,102.4,0.0,0.0,3.0,1.0,4.0,29.5,30
US2:S4242B3225,Siemens Low Voltage serie ES centro de carga. instalado de fabrica Interruptor principal con 42 espacios de 1 pulgada para un maximo de 42 circuitos. Trifasico 4 hilos Valor nominal del sistema,2024-02-02,105,EQUI.AUTO.Y CONTROL,EQUIPO ELECTRICO & AUTOMATIZACION,CENTROS DE CARGA E INTERRUPTORES,11,1.0,704.1,665.0,782.3,0.0,2.0,0.0,0.0,2.0,14.75,15
USA:SBLBD,Kit montaje interruptor bombín cerradura P5 tablero distrib. y FC,2024-01-26,105,EQUI.AUTO.Y CONTROL,EQUIPO ELECTRICO & AUTOMATIZACION,CENTROS DE CARGA E INTERRUPTORES,11,1.0,131.5,124.2,146.1,0.0,8.0,2.0,0.0,10.0,2.95,3
3RT10556AF36,"contactor de potencia, AC-3e/AC-3 150 A, 75 kW/400 V AC (50-60 Hz)/DC Uc:  110-127 V tripolar, contactos auxiliares 2 NA + 2 NC accionamiento: convencional circuito ppal.: barra circuito de",2024-01-22,105,EQUI.AUTO.Y CONTROL,EQUIPO ELECTRICO & AUTOMATIZACION,CONTACTORES,11,1.0,585.4,552.8,650.4,0.0,1.0,0.0,0.0,1.0,29.5,30
3NP11631DA10,"SENTRON, fusible-interruptor-seccionador 3NP1, 3 polos, NH3, 630 A, para Montaje e instalación en placa de montaje, conexión plana, Plano de cubierta 70 mm",2024-01-03,105,EQUI.AUTO.Y CONTROL,EQUIPO ELECTRICO & AUTOMATIZACION,FUSIBLES,11,2.0,473.0,446.0,525.0,0.0,0.0,0.0,0.0,0.0,inf,Infinito
5SL61167CC,"Automato magnetotermico 230/400 V 6 kA, 1 polo, C, 16 A",2024-01-03,105,EQUI.AUTO.Y CONTROL,EQUIPO ELECTRICO & AUTOMATIZACION,AUTOMATOS,11,8.0,6.5,6.2,7.3,0.0,1.0,1.0,6.0,8.0,29.5,30
5SV0100,CAJA TIPO SV1 50X30X25CM,2023-12-19,105,EQUI.AUTO.Y CONTROL,,,11,2.0,156.8,148.1,174.2,0.0,0.0,1.0,0.0,1.0,59.0,59
5SX11327,AUTOMATO 1P-32A,2023-12-19,105,EQUI.AUTO.Y CONTROL,,,15,10.0,7.0,6.6,7.8,0.0,2.0,0.0,0.0,2.0,147.5,148
8WA10111PF00,"Borne PE, 2 bornes de tornillo verde-amarillo, 6mm, tam. 2,5",2023-12-19,105,EQUI.AUTO.Y CONTROL,EQUIPO ELECTRICO & AUTOMATIZACION,OTROS,11,45.0,3.8,3.6,4.2,0.0,0.0,0.0,0.0,0.0,inf,Infinito
3RT20281AV60,"contactor de potencia, AC-3e/AC-3, 38 A, 18,5 kW/400 V, tripolar, 480 V AC, 60 Hz, contactos auxiliares: 1 NA + 1 NC, borne de tornillo, tamano: S0",2023-12-12,105,EQUI.AUTO.Y CONTROL,EQUIPO ELECTRICO & AUTOMATIZACION,CONTACTORES,11,2.0,105.7,99.8,117.5,0.0,0.0,0.0,0.0,0.0,inf,Infinito
3SU14011BF201AA0,"modulo de LED con LED intgr. 230 V AC, rojo, bornes de tornillo, para fijacion en placa frontal",2023-12-12,105,EQUI.AUTO.Y CONTROL,EQUIPO ELECTRICO & AUTOMATIZACION,BOTONERIA,11,1.0,26.4,24.9,29.3,0.0,0.0,4.0,0.0,4.0,7.375,7
3UX00020AA02,ELECTRODO P/SUPERVISION NIVEL,2023-12-06,105,EQUI.AUTO.Y CONTROL,,,11,2.0,12.0,11.3,13.3,0.0,7.0,0.0,0.0,7.0,8.428571428571429,8
3RV1915-1AB,Embarrados trifasicos Distancia entre dientes 45 mm para 2 interruptores Conexiones con forma de horquilla,2023-12-04,105,EQUI.AUTO.Y CONTROL,EQUIPO ELECTRICO & AUTOMATIZACION,GUARDAMOTORES,11,3.0,18.2,17.2,20.2,0.0,0.0,0.0,0.0,0.0,inf,Infinito
E0408ML1125F,"CENTRO DE CARGA 4CC, 1F, 125A",2023-12-04,105,EQUI.AUTO.Y CONTROL,,,11,1.0,68.05,64.3,75.6,0.0,0.0,0.0,0.0,0.0,inf,Infinito
3NA3801,"cartucho de fusibles NH, NH000, Entrada: 6 A, gG, Un AC: 500 V, Un DC: 250 V, indicador de fusion superior, orejetas energizadas",2023-11-15,105,EQUI.AUTO.Y CONTROL,EQUIPO ELECTRICO & AUTOMATIZACION,FUSIBLES,11,3.0,10.8,10.2,12.0,0.0,0.0,0.0,0.0,0.0,inf,Infinito
3SE50000AF01,cabeza de accionamiento para interruptores de posicion 3SE51/52 rodillo y palanca acodada Palanca metalica con rodillo de plastico 22 mm,2023-11-15,105,EQUI.AUTO.Y CONTROL,EQUIPO ELECTRICO & AUTOMATIZACION,OTROS,11,2.0,26.0,24.5,28.8,0.0,0.0,0.0,0.0,0.0,inf,Infinito
3SE51220CA00,"cuerpo para interruptor de posición 3SE51 Caja metálica 56 mm Conexión del aparato 3x (M20x 1,5) 1NA/1NC contactos de acción brusca sin cabeza de accionamiento",2023-11-09,105,EQUI.AUTO.Y CONTROL,EQUIPO ELECTRICO & AUTOMATIZACION,OTROS,11,1.0,45.1,42.6,50.1,0.0,0.0,3.0,0.0,3.0,9.833333333333332,10
A7B93000014985,TRANSFORMADOR 100/5A NUCLEO PARTIDO,2023-11-08,105,EQUI.AUTO.Y CONTROL,,,15,3.0,81.0,76.5,62.0,0.0,0.0,0.0,0.0,0.0,inf,Infinito
6ED10551CB000BA2,"Modulo de ampliacion LOGO! DM8 24, FA/E/S: 24V/24V/trans., 4 DI/4 DO para LOGO! 8",2023-11-01,105,EQUI.AUTO.Y CONTROL,EQUIPO ELECTRICO & AUTOMATIZACION,"PLC, LOGOS & MODULOS",11,2.0,81.4,76.9,90.5,0.0,0.0,0.0,0.0,0.0,inf,Infinito
7KM32200BA011DA0,SENTRON PAC3220 LCD 96 Ã— 96 mm Dispositivo de vigilancia electrica incorporado en panel para medir magnitudes electricas Protocolo: Modbus TCP con display grafico Ue nominal: 690/400 V 45-65 Hz,2023-11-01,105,EQUI.AUTO.Y CONTROL,EQUIPO ELECTRICO & AUTOMATIZACION,MEDICION DE ENERGIA,11,1.0,636.9,601.5,707.6,0.0,1.0,0.0,0.0,1.0,29.5,30
7KT5503,Contador horario 48 x 48 mm AC 115V 60Hz sin tapa 55 x 55 mm,2023-11-01,105,EQUI.AUTO.Y CONTROL,EQUIPO ELECTRICO & AUTOMATIZACION,OTROS,11,3.0,45.0,42.5,50.0,0.0,2.0,5.0,1.0,8.0,11.0625,11
BALIZA 3C 24,Baliza de señalización 3 colores C/Buzer,2023-10-06,105,EQUI.AUTO.Y CONTROL,,,11,1.0,65.25,61.6,72.5,0.0,0.0,0.0,0.0,0.0,inf,Infinito
8WA10111DH11,"Borne de paso termoplástico Borne de tornillo en ambos lados borne sencillo, 8mm, tam. 6",2023-09-14,105,EQUI.AUTO.Y CONTROL,EQUIPO ELECTRICO & AUTOMATIZACION,OTROS,11,1.0,2.4,2.3,2.7,0.0,20.0,0.0,0.0,20.0,1.475,1
A7B93000749012,"Siemens Low Voltage, sobretens. linea de dispositivos de proteccion de TPS309 como parte del grupo externo (montaje remoto). Tipo 1 SPD. Dimensiones (L x An x Al): 8,3 x 3,6 x 3,0. Trifasico, 4",2023-09-14,105,EQUI.AUTO.Y CONTROL,EQUIPO ELECTRICO & AUTOMATIZACION,OTROS,11,2.0,391.0,370.0,435.0,0.0,0.0,0.0,0.0,0.0,inf,Infinito
US2:CQD220,Interruptor CQD 2P 20 A 480/277V 14 kA DIN,2023-09-12,105,EQUI.AUTO.Y CONTROL,EQUIPO ELECTRICO & AUTOMATIZACION,INTERRUPTORES INDUSTRIALES,11,4.0,74.0,69.9,82.2,0.0,0.0,2.0,0.0,2.0,59.0,59
US2:CQD320,Interruptor CQD 3P 20 A 480/277V 14 kA DIN,2023-09-11,105,EQUI.AUTO.Y CONTROL,EQUIPO ELECTRICO & AUTOMATIZACION,INTERRUPTORES INDUSTRIALES,11,3.0,105.9,100.0,117.7,0.0,1.0,2.0,0.0,3.0,29.5,30
3NE18030,"Cartucho de fusibles SITOR, con contactos de cuchilla, NH000, Entrada: 35 A, gS, Un AC: 690 V, Un DC: 250 V, indicador de fusion superior",2023-08-30,105,EQUI.AUTO.Y CONTROL,EQUIPO ELECTRICO & AUTOMATIZACION,FUSIBLES,11,6.0,48.0,45.35,53.35,0.0,0.0,0.0,0.0,0.0,inf,Infinito
US2:SN2448B1150,"Siemens Low Voltage, variante conectable preparada para neutro, serie Standard de centro de carga ensamblado. Interruptor principal con 24 espacios 1 in para un maximo de 48 circuitos. Sistema",2023-08-01,105,EQUI.AUTO.Y CONTROL,EQUIPO ELECTRICO & AUTOMATIZACION,CENTROS DE CARGA E INTERRUPTORES,11,1.0,237.8,224.6,264.2,0.0,0.0,1.0,-1.0,0.0,inf,Infinito
3RT20261AV60,"contactor de potencia, AC-3e/AC-3, 25 A, 11 kW/400 V, tripolar, 480 V AC, 60 Hz, contactos auxiliares: 1 NA + 1 NC, borne de tornillo, tamano: S0",2023-07-14,105,EQUI.AUTO.Y CONTROL,EQUIPO ELECTRICO & AUTOMATIZACION,CONTACTORES,11,6.0,79.0,74.6,87.7,0.0,2.0,10.0,0.0,12.0,14.75,15
3RT26361NP35,"contactor para condensador, AC-6b 50 kVAr, /400 V, tripolar, 175-280 V AC/DC, 50/60 Hz, con varistor integrado, contactos auxiliares: 2 NC, borne de tornillo, tamano: S2",2023-07-14,105,EQUI.AUTO.Y CONTROL,EQUIPO ELECTRICO & AUTOMATIZACION,CONTACTORES,11,9.0,631.3,596.2,701.4,0.0,0.0,1.0,0.0,1.0,265.5,266
8WA10110DF21,"Borne de paso termoplástico Borne de tornillo en ambos lados Bloque de bornes 10 polos, beige sin nombre 61 mm, tam. 2,5",2023-07-14,105,EQUI.AUTO.Y CONTROL,EQUIPO ELECTRICO & AUTOMATIZACION,OTROS,11,17.0,14.0,13.3,15.6,0.0,3.0,0.0,0.0,3.0,167.16666666666669,167
3NE18150,"Cartucho de fusibles SITOR, con contactos de cuchilla, NH000, Entrada: 25 A, gS, Un AC: 690 V, Un DC: 250 V, indicador de fusion superior",2023-06-27,105,EQUI.AUTO.Y CONTROL,EQUIPO ELECTRICO & AUTOMATIZACION,FUSIBLES,11,12.0,48.5,45.8,53.9,0.0,0.0,0.0,0.0,0.0,inf,Infinito
3RT19646A,JUEGO DE CONTACTOS PRINCIPALES P/3RT1064,2023-06-27,105,EQUI.AUTO.Y CONTROL,,,11,2.0,0.0,0.0,0.0,0.0,0.0,0.0,0.0,0.0,inf,Infinito
3RU21264FB0,"Rele de sobrecarga 34...40 A termico para proteccion de motores tamano S0, clase 10 para montar en contactor Circuito principal: atornillable circuito auxiliar: atornillable Rearme",2023-06-27,105,EQUI.AUTO.Y CONTROL,EQUIPO ELECTRICO & AUTOMATIZACION,RELES DE PROTECCION,11,1.0,63.6,60.05,70.65,0.0,0.0,0.0,0.0,0.0,inf,Infinito
3RU29263AA01,soporte para instalación independiente para 3RU21/3RB30/3RB31/3RR2 Tamaño S0 instalación independiente circuito principal: atornillable Circuito auxiliar: --,2023-06-27,105,EQUI.AUTO.Y CONTROL,EQUIPO ELECTRICO & AUTOMATIZACION,RELES DE PROTECCION,11,1.0,10.6,10.0,11.8,0.0,3.0,0.0,0.0,3.0,9.833333333333332,10
A7B93000015046,CAPACITOR 24KVAR 480V PHASECAP,2023-06-27,105,EQUI.AUTO.Y CONTROL,EQUIPO ELECTRICO & AUTOMATIZACION,OTROS,11,2.0,172.9,163.3,192.1,0.0,4.0,14.0,0.0,18.0,3.2777777777777777,3
MX:B130,"Siemens Low Voltage, var. moldeada, caja de interruptores automaticos. Montaje en tablero de distribucion, 240 V Interruptores automaticos, tipo BL, 1 polo, 120 VAC son circuitos, proteccion;",2023-06-27,105,EQUI.AUTO.Y CONTROL,EQUIPO ELECTRICO & AUTOMATIZACION,CENTROS DE CARGA E INTERRUPTORES,11,12.0,6.6,6.2,7.3,0.0,1.0,0.0,0.0,1.0,354.0,354
3RT10361AL20,"Contactor de potencia, 3 AC 50 A, 22 kW/400 V 230 V AC, 50/60 Hz, 3 polos, Tamano S2, borne de tornillo !!! Producto a extinguir El sucesor es SIRIUS 3RT2 El tipo sucesor preferido es",2023-06-14,105,EQUI.AUTO.Y CONTROL,EQUIPO ELECTRICO & AUTOMATIZACION,CONTACTORES,11,1.0,145.0,137.0,161.0,0.0,0.0,0.0,0.0,0.0,inf,Infinito
3NA3810,"cartucho de fusibles NH, NH000, Entrada: 25 A, gG, Un AC: 500 V, Un DC: 250 V, indicador de fusion superior, orejetas energizadas",2023-06-13,105,EQUI.AUTO.Y CONTROL,EQUIPO ELECTRICO & AUTOMATIZACION,FUSIBLES,11,2.0,9.5,9.0,10.6,0.0,3.0,0.0,0.0,3.0,19.666666666666664,20
5SL61407CC,"Automato magnetotermico 230/400 V 6 kA, 1 polo, C, 40 A",2023-06-13,105,EQUI.AUTO.Y CONTROL,EQUIPO ELECTRICO & AUTOMATIZACION,AUTOMATOS,11,10.0,9.65,9.15,10.75,0.0,0.0,0.0,0.0,0.0,inf,Infinito
A7B10002251119,"MOTOR TRIFÁSICO NEMA DE BAJO VOLTAJE, JAULA DE ARDILLA. GP100 1HP 230/460V",2023-06-13,105,EQUI.AUTO.Y CONTROL,,,11,1.0,360.2,340.2,400.3,0.0,1.0,0.0,0.0,1.0,29.5,30
3RT10351AL20,"Contactor de potencia, 3 AC 40 A, 18.5 kW/400 V 230 V AC, 50/60 Hz, 3 polos, Tamano S2, borne de tornillo !!! Producto a extinguir El sucesor es SIRIUS 3RT2 El tipo sucesor preferido es",2023-05-15,105,EQUI.AUTO.Y CONTROL,EQUIPO ELECTRICO & AUTOMATIZACION,CONTACTORES,11,1.0,90.0,85.0,100.0,0.0,0.0,0.0,0.0,0.0,inf,Infinito
3SB32020AA11,PULSADOR NEGRO 1NA,2023-05-15,105,EQUI.AUTO.Y CONTROL,,,11,3.0,14.1,13.3,15.65,0.0,0.0,0.0,0.0,0.0,inf,Infinito
3SB34000C,"Elemento de conmutación con 1 contacto, 1NC, bornes de tornillo, para fijación en placa frontal !!! Producto a extinguir El sucesor es SIRIUS ACT 3SU1 El tipo sucesor preferido es",2023-05-15,105,EQUI.AUTO.Y CONTROL,EQUIPO ELECTRICO & AUTOMATIZACION,BOTONERIA,11,2.0,5.0,4.7,5.6,0.0,0.0,0.0,0.0,0.0,inf,Infinito
7KM10200BA011DA0,SENTRON PAC1020 96 Ã— 96 mm dispositivo de vigilancia electrica incorporado en panel para medir magnitudes electricas protocolo: Modbus RTU con display grafico Ue nominal max.: 400/230 V 45-65 Hz,2023-04-18,105,EQUI.AUTO.Y CONTROL,EQUIPO ELECTRICO & AUTOMATIZACION,MEDICION DE ENERGIA,11,1.0,195.8,184.9,217.6,0.0,0.0,2.0,0.0,2.0,14.75,15
3NE18170,"Cartucho de fusibles SITOR, con contactos de cuchilla, NH000, Entrada: 50 A, gS, Un AC: 690 V, Un DC: 250 V, indicador de fusion superior",2023-04-01,105,EQUI.AUTO.Y CONTROL,EQUIPO ELECTRICO & AUTOMATIZACION,FUSIBLES,11,3.0,41.45,39.15,46.05,0.0,0.0,0.0,0.0,0.0,inf,Infinito
3RH21401BB40,"contactor auxiliar, 4 NA, 24 V DC, bornes de tornillo, tamaño S00",2023-03-20,105,EQUI.AUTO.Y CONTROL,EQUIPO ELECTRICO & AUTOMATIZACION,CONTACTORES,11,4.0,49.3,46.6,54.8,0.0,8.0,9.0,0.0,17.0,6.9411764705882355,7
MX:B215,"Interruptor 15 A, 2P, 120/240 V, 10K  BL10 K AIC",2023-03-10,105,EQUI.AUTO.Y CONTROL,EQUIPO ELECTRICO & AUTOMATIZACION,CENTROS DE CARGA E INTERRUPTORES,11,1.0,14.6,13.8,16.3,0.0,3.0,0.0,2.0,5.0,5.9,6
3SU11026AA201AA0,"lampara de senalizacion, 22 mm, redondo, plastico, rojo, lente, liso, con soporte, Modulo LED, CON LED INTGR. 24 V AC/DC, borne de tornillo",2023-02-21,105,EQUI.AUTO.Y CONTROL,EQUIPO ELECTRICO & AUTOMATIZACION,BOTONERIA,11,4.0,17.5,16.5,19.4,0.0,2.0,0.0,4.0,6.0,19.666666666666664,20
3NA3132,"cartucho de fusibles NH, NH1, Entrada: 125 A, gG, Un AC: 500 V, Un DC: 440 V, indicador de fusion superior, orejetas energizadas",2023-02-06,105,EQUI.AUTO.Y CONTROL,EQUIPO ELECTRICO & AUTOMATIZACION,FUSIBLES,11,3.0,22.45,21.2,24.9,0.0,0.0,0.0,0.0,0.0,inf,Infinito
3NA3803,"cartucho de fusibles NH, NH000, Entrada: 10 A, gG, Un AC: 500 V, Un DC: 250 V, indicador de fusion superior, orejetas energizadas",2023-01-31,105,EQUI.AUTO.Y CONTROL,EQUIPO ELECTRICO & AUTOMATIZACION,FUSIBLES,11,12.0,8.6,8.1,9.5,0.0,0.0,0.0,0.0,0.0,inf,Infinito
3RH21311BB40,"contactor auxiliar, 3 NA + 1 NC, 24 V DC, bornes de tornillo, tamaño S00",2023-01-31,105,EQUI.AUTO.Y CONTROL,EQUIPO ELECTRICO & AUTOMATIZACION,CONTACTORES,11,9.0,49.2,46.4,54.6,0.0,2.0,9.0,0.0,11.0,24.136363636363637,24
3RT10656AP36,"contactor de potencia, AC-3e/AC-3 265 A, 132 kW/400 V AC (50-60 Hz)/DC Uc: 220-240 V tripolar, contactos auxiliares 2 NA + 2 NC accionamiento: convencional circuito ppal.: barra circuito de",2023-01-31,105,EQUI.AUTO.Y CONTROL,EQUIPO ELECTRICO & AUTOMATIZACION,CONTACTORES,11,2.0,1268.0,1198.0,1409.0,0.0,0.0,0.0,0.0,0.0,inf,Infinito
3RT20461AK60,"contactor de potencia, AC-3e/AC-3, 95 A, 45 kW/400 V, tripolar, 110 V AC, 50 Hz/120 V, 60 Hz, contactos auxiliares: 1 NA + 1 NC, borne de tornillo, tamano: S3",2023-01-31,105,EQUI.AUTO.Y CONTROL,EQUIPO ELECTRICO & AUTOMATIZACION,CONTACTORES,11,1.0,352.0,332.0,391.0,0.0,0.0,0.0,0.0,0.0,inf,Infinito
JBK5-400VA,TRANSFORMADOR D/CONTROL 400VA,2023-01-31,105,EQUI.AUTO.Y CONTROL,,,11,1.0,0.0,0.0,0.0,0.0,0.0,0.0,0.0,0.0,inf,Infinito
3NA3362,"cartucho de fusibles NH, NH3, Entrada: 425 A, gG, Un AC: 500 V, Un DC: 440 V, indicador de fusion superior, orejetas energizadas",2022-12-30,105,EQUI.AUTO.Y CONTROL,EQUIPO ELECTRICO & AUTOMATIZACION,FUSIBLES,11,2.0,45.4,42.85,50.45,0.0,0.0,0.0,0.0,0.0,inf,Infinito
3RH21221AB00,"contactor auxiliar, 2 NA + 2 NC, 24 V AC, 50/60 Hz, bornes de tornillo, tamaño S00",2022-12-30,105,EQUI.AUTO.Y CONTROL,EQUIPO ELECTRICO & AUTOMATIZACION,CONTACTORES,11,1.0,43.6,41.2,48.4,0.0,3.0,0.0,0.0,3.0,9.833333333333332,10
ODP-2-22030-1HF42-MN,"Variador de frecuencia 3 HP, 10.5 A, 200-240 V, 1-3PH",2022-12-29,105,EQUI.AUTO.Y CONTROL,,,11,1.0,0.0,0.0,0.0,0.0,0.0,0.0,0.0,0.0,inf,Infinito
750000,Sensor inteligente para chumaceras,2022-12-22,105,EQUI.AUTO.Y CONTROL,,,14,2.0,706.0,667.0,785.0,0.0,0.0,0.0,0.0,0.0,inf,Infinito
5SV0000,GABINETE METÁLICO 300X200X200MM,2022-12-13,105,EQUI.AUTO.Y CONTROL,EQUIPO ELECTRICO & AUTOMATIZACION,OTROS,11,1.0,95.0,89.7,105.6,0.0,1.0,0.0,0.0,1.0,29.5,30
3RT19455AL21,"Bobina de excitacion para contactores SIRIUS Tamano S3, bornes de tornillo, 230 V AC, 50/60 Hz !!! Producto a extinguir El sucesor es SIRIUS 3RT2",2022-12-12,105,EQUI.AUTO.Y CONTROL,EQUIPO ELECTRICO & AUTOMATIZACION,CONTACTORES,11,1.0,42.4,40.05,47.1,0.0,0.0,0.0,0.0,0.0,inf,Infinito
6ED10551MB000BA1,"*** Repuesto *** Modulo ampl. LOGO! DM8 12/24R, FA/E/S: 12, 24 V/12 V/24 V/rele, 2 mod., 4 DI/4 DO",2022-12-12,105,EQUI.AUTO.Y CONTROL,EQUIPO ELECTRICO & AUTOMATIZACION,"PLC, LOGOS & MODULOS",11,1.0,61.9,58.5,68.8,0.0,-1.0,0.0,0.0,-1.0,inf,Infinito
3RU21161DB0,"Rele de sobrecarga 2,2...3,2 A termico para proteccion de motores tamano S00, clase 10 para montar en contactor Circuito principal: atornillable circuito auxiliar: atornillable Rearme",2022-11-26,105,EQUI.AUTO.Y CONTROL,EQUIPO ELECTRICO & AUTOMATIZACION,RELES DE PROTECCION,11,4.0,45.0,42.5,50.0,0.0,2.0,1.0,1.0,4.0,29.5,30
Q150,Interruptor de 50 A 1P 120 V 10 K QP10  K AIC,2022-11-26,105,EQUI.AUTO.Y CONTROL,EQUIPO ELECTRICO & AUTOMATIZACION,CENTROS DE CARGA E INTERRUPTORES,11,12.0,6.8,6.4,6.0,0.0,0.0,0.0,0.0,0.0,inf,Infinito
Q250,Interruptor 50 A 2P 120/240 V 10 K  QP10 KAIC,2022-11-26,105,EQUI.AUTO.Y CONTROL,EQUIPO ELECTRICO & AUTOMATIZACION,CENTROS DE CARGA E INTERRUPTORES,11,2.0,14.1,13.4,15.7,0.0,0.0,6.0,0.0,6.0,9.833333333333332,10
US2:Q140,BREAKER QP 1P 40A 240V,2022-11-26,105,EQUI.AUTO.Y CONTROL,,,11,12.0,0.0,0.0,6.0,0.0,0.0,0.0,0.0,0.0,inf,Infinito
ODE-3-210058-1042,"VARIADOR FRECUENCIA 1.1 kW (1.5 HP), 5.8 A, 110-115V, 1-3Ph",2022-11-24,105,EQUI.AUTO.Y CONTROL,,,11,1.0,0.0,0.0,0.0,0.0,0.0,0.0,0.0,0.0,inf,Infinito
3NA3807,"cartucho de fusibles NH, NH000, Entrada: 20 A, gG, Un AC: 500 V, Un DC: 250 V, indicador de fusion superior, orejetas energizadas",2022-11-04,105,EQUI.AUTO.Y CONTROL,EQUIPO ELECTRICO & AUTOMATIZACION,FUSIBLES,11,9.0,9.5,8.9,10.5,0.0,0.0,0.0,0.0,0.0,inf,Infinito
8WA10111PG00,"Borne PE, 2 bornes de tornillo verde-amarillo, 7,2mm, tam. 4",2022-11-04,105,EQUI.AUTO.Y CONTROL,EQUIPO ELECTRICO & AUTOMATIZACION,OTROS,11,27.0,5.3,5.0,5.9,0.0,2.0,2.0,0.0,4.0,199.125,199
5SL61507CC,"Automato magnetotermico C50 230/400 V, 6kA, de 1 polo, caracteristica C, In=50 A",2022-09-30,105,EQUI.AUTO.Y CONTROL,EQUIPO ELECTRICO & AUTOMATIZACION,AUTOMATOS,11,8.0,8.6,8.1,9.55,0.0,0.0,0.0,0.0,0.0,inf,Infinito
V071A051-STCK,VARIADOR FRECUENCIA OPT-3-STICK-IN OPTISTICK SMRT SMRTPHON BLUTOOTH INTERFACE,2022-09-30,105,EQUI.AUTO.Y CONTROL,,,11,1.0,0.0,0.0,0.0,0.0,0.0,0.0,0.0,0.0,inf,Infinito
A7B10001013486,"Motor trifasico Nema, Potencia 1.0 HP, Voltaje de alimentacion 208-230/460 V, Velocidad de giro 1800 RPM, Frame 143T, Enclosure TCVE, ABB",2022-08-31,105,EQUI.AUTO.Y CONTROL,MOTORES ELECTRICOS,AC MOTORES - NEMA,11,1.0,322.0,304.0,358.0,0.0,0.0,0.0,0.0,0.0,inf,Infinito
3RV20414KA10,"Interruptor automatico tamano S3 para proteccion de motores, CLASE 10 Disparador por sobrecarga con retardo segun intensidad 57...75 A Disparador de cortocircuito 975 A borne de tornillo poder",2022-08-18,105,EQUI.AUTO.Y CONTROL,EQUIPO ELECTRICO & AUTOMATIZACION,GUARDAMOTORES,11,3.0,467.0,441.1,518.9,0.0,2.0,1.0,0.0,3.0,29.5,30
3NA3372,"cartucho de fusibles NH, NH3, Entrada: 630 A, gG, Un AC: 500 V, Un DC: 440 V, indicador de fusion superior, orejetas energizadas",2022-08-17,105,EQUI.AUTO.Y CONTROL,EQUIPO ELECTRICO & AUTOMATIZACION,FUSIBLES,11,13.0,57.2,54.0,63.6,0.0,3.0,0.0,0.0,3.0,127.83333333333333,128
A7B93000748416,"Siemens Low Voltage, sobretens. linea de dispositivos de proteccion de TPS309 como parte del grupo externo (montaje remoto). Tipo 1 SPD. Dimensiones (L x An x Al): 8,3 x 3,6 x 3,0. Trifasico, 4",2022-07-22,105,EQUI.AUTO.Y CONTROL,EQUIPO ELECTRICO & AUTOMATIZACION,OTROS,11,1.0,591.0,558.0,657.0,0.0,0.0,0.0,0.0,0.0,inf,Infinito
3RA2922-2H,"Conectores mecánicos Enclavamiento lateral para contactor 3RT202, 3RT232 compuesto por 2 conectores y 1 inducido para 1 combinación",2022-07-11,105,EQUI.AUTO.Y CONTROL,EQUIPO ELECTRICO & AUTOMATIZACION,OTROS,11,20.0,3.5,3.3,3.9,0.0,3.0,0.0,0.0,3.0,196.66666666666669,197
3SU18010AA000AB1,"caja para aparatos de mando, 22 mm, circular, caja de plastico, semicaja superior de color gris, 1 punto de mando de plastico, rebaje para plaquita de inscripcion, sin equipamiento",2022-06-15,105,EQUI.AUTO.Y CONTROL,EQUIPO ELECTRICO & AUTOMATIZACION,BOTONERIA,11,3.0,13.3,12.6,14.8,0.0,4.0,7.0,0.0,11.0,8.045454545454545,8
3SU18040AA000AB1,"caja para aparatos de mando, 22 mm, redondo, caja de plastico, Parte superior de la caja de color gris, 4 puntos de mando de plastico, rebaje para plaquitas de inscripcion, sin equipamiento",2022-06-15,105,EQUI.AUTO.Y CONTROL,EQUIPO ELECTRICO & AUTOMATIZACION,BOTONERIA,11,7.0,22.46,21.34,37.65,0.0,0.0,2.0,0.0,2.0,103.25,103
6EP19356MD11,"módulo de acumuladores SITOP 24 V/3,2 Ah con variantes sin mantenimiento de acumuladores de plomo cerrados para módulo SITOP UPS DC 6 A y 15 A",2022-06-15,105,EQUI.AUTO.Y CONTROL,EQUIPO ELECTRICO & AUTOMATIZACION,"PLC, LOGOS & MODULOS",11,1.0,440.0,416.0,489.0,0.0,0.0,0.0,0.0,0.0,inf,Infinito
6ES79720BB120XA0,"SIMATIC DP, conector de conexión para PROFIBUS hasta 12 Mbits/s Salida de cable a 90°, 15,8x 64x 35,6 mm (An x Al x P), Resistencia de cierre con función de seccionamiento, con conector hembra",2022-04-30,105,EQUI.AUTO.Y CONTROL,EQUIPO ELECTRICO & AUTOMATIZACION,"PLC, LOGOS & MODULOS",11,1.0,78.7,74.3,87.4,0.0,0.0,6.0,0.0,6.0,4.916666666666666,5
LAD9R2V,JUEGO CONMUTADOR MECANICO SCHNEIDER,2022-03-01,105,EQUI.AUTO.Y CONTROL,,,11,1.0,45.0,40.5,49.5,0.0,0.0,0.0,0.0,0.0,inf,Infinito
VM96-4,Enclavamiento mecánico para contactores ABB,2022-02-25,105,EQUI.AUTO.Y CONTROL,,,11,2.0,0.0,0.0,0.0,0.0,0.0,0.0,0.0,0.0,inf,Infinito
3RT19346A,JGO. CONTACTOS PPAL. P/3RT1034,2022-02-21,105,EQUI.AUTO.Y CONTROL,,,11,4.0,63.15,59.65,70.2,0.0,0.0,0.0,0.0,0.0,inf,Infinito
5SL63507CC,"Automato magnetotermico 400 V 6 kA, tripolar, C, 50 A",2022-02-21,105,EQUI.AUTO.Y CONTROL,EQUIPO ELECTRICO & AUTOMATIZACION,AUTOMATOS,11,4.0,38.8,36.6,43.1,0.0,0.0,1.0,1.0,2.0,59.0,59
5SL61257CC,"Automato magnetotermico C25 230/400 V, 6kA, de 1 polo, caracteristica C, In=25 A",2022-01-17,105,EQUI.AUTO.Y CONTROL,EQUIPO ELECTRICO & AUTOMATIZACION,AUTOMATOS,11,3.0,6.15,5.8,6.8,0.0,0.0,0.0,0.0,0.0,inf,Infinito
3NE4120,"Cartucho de fusibles SITOR, con contactos de cuchilla, NH0, Entrada: 80 A, aR, Un AC: 1000 V, Un DC: 440 V, indicador de fusion superior",2021-12-21,105,EQUI.AUTO.Y CONTROL,EQUIPO ELECTRICO & AUTOMATIZACION,FUSIBLES,11,2.0,35.8,33.8,39.8,0.0,0.0,0.0,0.0,0.0,inf,Infinito
3SB30002LA11,MANETA 2 POSICIONES METALICA CAMSCO,2021-12-21,105,EQUI.AUTO.Y CONTROL,,,11,1.0,9.0,8.5,10.0,0.0,0.0,0.0,0.0,0.0,inf,Infinito
3SB34000A,"Elemento de conmutación con 2 contactos, 1 NA + 1 NC, bornes de tornillo, para fijación en placa frontal !!! Producto a extinguir El sucesor es SIRIUS ACT 3SU1 El tipo sucesor preferido es",2021-12-21,105,EQUI.AUTO.Y CONTROL,EQUIPO ELECTRICO & AUTOMATIZACION,BOTONERIA,11,4.0,9.0,8.5,10.0,0.0,5.0,0.0,0.0,5.0,23.6,24
5SX11027,AUTOMATO 1P-2A,2021-12-21,105,EQUI.AUTO.Y CONTROL,,,11,1.0,11.25,10.65,9.0,0.0,0.0,0.0,0.0,0.0,inf,Infinito
5SX13407,AUTOMATO 3P 40A,2021-12-21,105,EQUI.AUTO.Y CONTROL,,,11,2.0,23.5,22.2,26.1,0.0,0.0,0.0,0.0,0.0,inf,Infinito
6AV66470AN113AX0,SINAMATIC HMI,2021-12-21,105,EQUI.AUTO.Y CONTROL,,,11,1.0,255.0,241.0,195.0,0.0,0.0,0.0,0.0,0.0,inf,Infinito
TPS3E030500,"TPS 20KA 480/277VAC, 3PH Y",2021-12-21,105,EQUI.AUTO.Y CONTROL,,,11,1.0,0.0,0.0,0.0,0.0,0.0,0.0,0.0,0.0,inf,Infinito
A7B-1120360,CABLE 4G3 3X14 TSJ,2021-12-07,105,EQUI.AUTO.Y CONTROL,,,11,70.0,1.95,1.85,2.2,0.0,0.0,0.0,0.0,0.0,inf,Infinito
A7B93000015591,CABLE THHN 12 AZUL,2021-11-30,105,EQUI.AUTO.Y CONTROL,,,11,28.5,0.35,0.35,0.4,0.0,0.0,0.0,0.0,0.0,inf,Infinito
A7B93000015598,CABLE THHN 8 NEGRO,2021-11-30,105,EQUI.AUTO.Y CONTROL,,,11,19.5,0.0,0.0,0.0,0.0,0.0,0.0,0.0,0.0,inf,Infinito
A7B93000017778,TRANSFORMADOR  INTENSIDAD 100/5,2021-11-30,105,EQUI.AUTO.Y CONTROL,,,11,3.0,32.0,30.2,35.6,0.0,3.0,0.0,0.0,3.0,29.5,30
3SU14011BB201AA0,"Modulo de LED con LED integr. 24 V AC/DC, rojo, bornes de tornillo, para fijacion en placa frontal.",2021-09-27,105,EQUI.AUTO.Y CONTROL,EQUIPO ELECTRICO & AUTOMATIZACION,BOTONERIA,11,9.0,17.15,16.2,19.05,0.0,0.0,0.0,0.0,0.0,inf,Infinito
3NA3244,"cartucho de fusibles NH, NH2, Entrada: 250 A, gG, Un AC: 500 V, Un DC: 440 V, indicador de fusion superior, orejetas energizadas",2021-08-27,105,EQUI.AUTO.Y CONTROL,EQUIPO ELECTRICO & AUTOMATIZACION,FUSIBLES,11,1.0,25.0,23.6,27.8,0.0,0.0,1.0,0.0,1.0,29.5,30
MX:B150,"Siemens Low Voltage, var. moldeada, caja de interruptores automaticos. Montaje en tablero de distribucion, 240 V Interruptores automaticos, tipo BL, 1 polo, 120 VAC son circuitos, proteccion;",2021-07-19,105,EQUI.AUTO.Y CONTROL,EQUIPO ELECTRICO & AUTOMATIZACION,CENTROS DE CARGA E INTERRUPTORES,11,2.0,8.5,8.0,9.45,0.0,0.0,0.0,0.0,0.0,inf,Infinito
3RH29111AA10,"bloque de contactos auxiliares, por el frente, 1 NA, 73/74, circuito: 1 NA, entrada de cables por arriba, borne de tornillo, para contactores 3RT2 y contactores auxiliares 3RH2",2021-06-30,105,EQUI.AUTO.Y CONTROL,EQUIPO ELECTRICO & AUTOMATIZACION,CONTACTORES,11,2.0,5.6,5.3,6.2,0.0,1.0,3.0,0.0,4.0,14.75,15
6ED10551MA000BA0,"*** Repuesto *** Modulo de ampliacion LOGO! AM2, alimentacion: 12/24 V DC, 2 AI, 0-10 V o 0-20 mA",2021-06-09,105,EQUI.AUTO.Y CONTROL,EQUIPO ELECTRICO & AUTOMATIZACION,"PLC, LOGOS & MODULOS",11,1.0,90.9,85.85,101.0,0.0,0.0,0.0,0.0,0.0,inf,Infinito
B6CR3N40A,"DIFERENCIAL 3 POLOS + N, 40A, 10KA, 30mA NOARK",2021-06-08,105,EQUI.AUTO.Y CONTROL,,,11,10.0,110.78202,99.703818,121.860223,0.0,0.0,0.0,0.0,0.0,inf,Infinito
B6CR1N40A,"DIFERENCIAL 1 POLO + N, 40A, 10KA, 30MA 40AMP",2021-04-12,105,EQUI.AUTO.Y CONTROL,,,11,4.0,93.0,87.8,103.0,0.0,0.0,0.0,0.0,0.0,inf,Infinito
3RT10381AV60,CONTACTOR 40A 440V LS,2021-04-09,105,EQUI.AUTO.Y CONTROL,EQUIPO ELECTRICO & AUTOMATIZACION,CONTACTORES,11,5.0,110.0,103.89,122.22,0.0,0.0,0.0,0.0,0.0,inf,Infinito
3AFP9182341,Sensor inteligente - para motores con soporte de aluminio,2021-01-30,105,EQUI.AUTO.Y CONTROL,,,14,1.0,217.0,204.9,241.1,0.0,0.0,0.0,0.0,0.0,inf,Infinito
